,id,session_id,job_unique_id,job_title,job_link,job_description,job_company,timestamp
0,1,1,job_f92efd125946f411,Data Products - Analyst,https://in.indeed.com/rc/clk?jk=f92efd125946f411&bb=UW0oRopyZQzSb4vEfCM3HkUfZFOzkVhHqyec7zvmQPi9Pn7gESk-MtGifYryMy-vHHgUwHDytAkDDK6tNcstfyNbXpGYekKm3Qx0zhzYFn4Hh2jQY4u1uA%3D%3D&xkcb=SoAj67M3ALUFXsR83x0LbzkdCdPP&fccid=c46d0116f6e69eae&vjs=3,"Data Products - Analyst
=======================

[JPMorgan Chase & Co](https://in.indeed.com/cmp/JPMorgan-Chase-&-Co-7555c073?campaignid=mobvjcmp&from=mobviewjob&tk=1hube3l9ik99r81v&fromjk=f92efd125946f411)3.9 out of 5Varthur, Bengaluru, Karnataka[JPMorgan Chase & Co
-------------------

19,379 reviewsRead what people are saying about working here.](https://in.indeed.com/cmp/JPMorgan-Chase-&-Co-7555c073/reviews?campaignid=mobvjcmp&cmpratingc=mobviewjob&from=mobviewjob&tk=1hube3l9ik99r81v&fromjk=f92efd125946f411&jt=Data+Products+-+Analyst)Data Products - Analyst
-----------------------

JPMorgan Chase & Co - Varthur, Bengaluru, KarnatakaJobCompanyYou must create an Indeed account before continuing to the company website to applyApply nowsave-iconJob details
-----------

Here’s how the job details align with your [profile](https://profile.indeed.com/).### Job type

* Full-time
&nbsp;Location
--------

Varthur, Bengaluru, Karnataka&nbsp;Full job description
--------------------


**JOB DESCRIPTION**
 **About the Employer:**


 **JPMorgan Chase & Co. (NYSE: JPM)** is a leading global financial services firm with assets of $3.4 trillion and operations worldwide. The firm is a leader in investment banking, financial services for consumers and small business, commercial banking, financial transaction processing, and asset management. JPMorgan Chase & Co. serves millions of consumers in the United States and many of the world’s most prominent corporate, institutional and government clients under its J.P. Morgan and Chase brands. Information about JPMorgan Chase & Co. is available at www.jpmorganchase.com.


 We have a strong culture that embodies the principles that guide us in how we do business across the firm. We strive to create a workplace that values and respects individual viewpoints, while at the same time challenging the status quo to make continuous improvements in our processes.


 JPMorgan is an equal opportunity employer and places high value on diversity and inclusion. We recognize that our people are our strength and diversity of thought and practices makes us more successful.


 *The current opening is within the DDP DAT team in Bengaluru which forms part of the Commercial Banking LOB.*


 Our Commercial Banking division uses technology driven by innovative minds like yours to provide companies, as well as real estate owners and investors with a range of financial solutions designed to help them achieve their business goals. With annual client revenues ranging from $20 million to over $2 billion, the service and the solutions we provide is critical to both our and our clients’ success.


 The Data Analyst works within Commercial Bank’s Data Analytics and Technology (DAT) organization, which leverages the firm’s unique and powerful data assets to deliver meaningful insights to tens of thousands of internal users, drive the bank’s strategy and decision-making, improve internal efficiencies, and ultimately help our clients achieve their goals. Looking forward, DAT is focused on expanding how we capture relationships between entities in our data, in order to produce next-level insights and uncover unforeseen risks.


 **About the Role:**


 You are a strategic thinker passionate about driving solutions using Python and SQL. You have found the right team.


 As the Data Analyst Professional in our Data Products team, you will spend each day defining, refining and delivering set goals for our firm


 **Job responsibilities:**


* Perform analyses of datasets to identify trends, patterns, and insights
* Interpret data findings to support business decision-making processes
* Develop analytics solutions to address specific business questions
* Perform data labeling and annotation tasks to prepare datasets for machine learning models
* Use tools such as Excel, SQL, or Python for data manipulation and analysis
* Ensure data integrity through basic data cleansing and validation procedures
* Track project progress and meet established deadlines
* Document and communicate findings and insights to senior management stakeholders and solicit feedback / guidance


 **Required qualifications, capabilities, and skills:**


* BS/BA degree or equivalent practical experience
* 4+ years of data analysis experience, including statistical analysis, querying databases (SQL), and machine learning
* Basic to intermediate understanding of data analysis concepts and methodologies
* Proficiency with analytical tools such as Excel, SQL or Python
* Strong analytical and problem-solving skills
* Good communication skills, both written and verbal
* Ability to work independently and manage multiple tasks simultaneously
* Attention to detail and a commitment to accuracy


 **Preferred qualifications, capabilities, and skills:**


* Experience in Financial Services preferred
* Knowledge of cloud data services, graph databases, and data management best practices

 **ABOUT US**

  

JPMorgan Chase & Co., one of the oldest financial institutions, offers innovative financial solutions to millions of consumers, small businesses and many of the world’s most prominent corporate, institutional and government clients under the J.P. Morgan and Chase brands. Our history spans over 200 years and today we are a leader in investment banking, consumer and small business banking, commercial banking, financial transaction processing and asset management.  
   
 We recognize that our people are our strength and the diverse talents they bring to our global workforce are directly linked to our success. We are an equal opportunity employer and place a high value on diversity and inclusion at our company. We do not discriminate on the basis of any protected attribute, including race, religion, color, national origin, gender, sexual orientation, gender identity, gender expression, age, marital or veteran status, pregnancy or disability, or any other basis protected under applicable law. We also make reasonable accommodations for applicants’ and employees’ religious practices and beliefs, as well as mental health or physical disability needs. Visit our FAQs for more information about requesting an accommodation.



  

  

  
 **ABOUT THE TEAM**
  

  
 Commercial Banking is focused on helping our clients succeed and making a positive difference in our communities. We provide credit and financing, treasury and payment services, international banking and real estate services to clients including corporations, municipalities, institutions, real estate investors and owners, and nonprofit organizations.
Report job",JPMorgan Chase & Co,2024-05-20 16:41:47
1,2,1,job_b8ac1cc0874679c9,Analyst,https://in.indeed.com/rc/clk?jk=b8ac1cc0874679c9&bb=UW0oRopyZQzSb4vEfCM3Hu8_F7sH1dYxoIdG2u3Gs3ydEi8DSNTwJZodjw4iA4WLGj1RJQ7TgMF6JWkeAtj9gU66aLCIm7WpspFf_NYjIzTE1wl8vUBI2K-xxebAtY1V&xkcb=SoCX67M3ALUFXsR83x0KbzkdCdPP&fccid=68d0e0954a811351&vjs=3,"Analyst
=======

[Merck KGaA](https://in.indeed.com/cmp/Merck-Kgaa?campaignid=mobvjcmp&from=mobviewjob&tk=1hube3rv6jv6t803&fromjk=b8ac1cc0874679c9)3.8 out of 5Bengaluru, Karnataka[Merck KGaA
----------

319 reviewsRead what people are saying about working here.](https://in.indeed.com/cmp/Merck-Kgaa/reviews?campaignid=mobvjcmp&cmpratingc=mobviewjob&from=mobviewjob&tk=1hube3rv6jv6t803&fromjk=b8ac1cc0874679c9&jt=Analyst)Job details
-----------

Here’s how the job details align with your [profile](https://profile.indeed.com/).### Job type

* Full-time
&nbsp;Location
--------

Bengaluru, Karnataka&nbsp;Full job description
--------------------



Work Your Magic with us! 


Ready to explore, break barriers, and discover more? We know youâ€™ve got big plans â€“ so do we! Our colleagues across the globe love innovating with science and technology to enrich peopleâ€™s lives with our solutions in Healthcare, Life Science, and Electronics. Together, we dream big and are passionate about caring for our rich mix of people, customers, patients, and planet. That's why we are always looking for curious minds that see themselves imagining the unimaginable with us.


  
 


**Job Description for Regulatory Data Analyst, Bengaluru | SBS** 



**Your role:** 



* You will be working closely with internal Product Management and external stakeholders to ensure Product Launches for our Life Science Business are on time.
* You must understand laws and regulations governing GHS, Safety Data Sheets (SDS), Trade Compliance, and Chemical Registration.
* You will collaborate with various departments to ensure detailed compositional and any other relevant primary and secondary information needed for regulatory assessments are provided.
* Additionally, you will be supporting in performing Data Analysis to better understand the prioritization of work within the team.
* You will be using various MS Suite applications and SAP modules to prepare and provide the gathered data to downstream processing teams.
* Examining and understanding product formulation and documentation necessary for proper hazardous characterization belongs also to your scope as well as being a partner with the internal processing teams using the information provided.
You also will be managing small-scale projects. 
 


**Who you are:** 


* Master’s degree in Natural Science Background (Chemistry/Biotech/Microbiology)
* Data Analytical Skills expertise – Power Automate, Python/Coding languages.
* Good Microsoft suite skills
* Project Management Foundations skills
* Effective Business Communication skills
* Team-oriented work style
* Critical thinking style to suggest improvements
Good presentation skills 
 

  
 **What we offer:** We are curious minds that come from a broad range of backgrounds, perspectives, and life experiences. We celebrate all dimensions of diversity and believe that it drives excellence and innovation, strengthening our ability to lead in science and technology. We are committed to creating access and opportunities for all to develop and grow at your own pace. Join us in building a culture of inclusion and belonging that impacts millions and empowers everyone to work their magic and champion human progress!   
 Apply now and become a part of our diverse team!


You must create an Indeed account before continuing to the company website to applyApply nowsave-icon&nbsp;Report job",Merck KGaA,2024-05-20 16:41:47
2,3,1,job_37b4ae76eb63748e,Financial Analyst,https://in.indeed.com/rc/clk?jk=37b4ae76eb63748e&bb=UW0oRopyZQzSb4vEfCM3Hkrcc1P2I0_-DuUVwTx3PrN4z_EQKHWSISV-rHx2EcS6iFtK66aho3Qi28Mul5AxG-3t8xjeCl0bFYSqJdTBat8QCKKBKHqfxw%3D%3D&xkcb=SoAK67M3ALUFXsR83x0JbzkdCdPP&fccid=1b866506aec22461&vjs=3,"Financial Analyst
=================

[Hewlett Packard](https://in.indeed.com/cmp/HP?campaignid=mobvjcmp&from=mobviewjob&tk=1hube3tg7jkmn80f&fromjk=37b4ae76eb63748e)4.0 out of 5Bengaluru, Karnataka[Hewlett Packard
---------------

13,107 reviewsRead what people are saying about working here.](https://in.indeed.com/cmp/HP/reviews?campaignid=mobvjcmp&cmpratingc=mobviewjob&from=mobviewjob&tk=1hube3tg7jkmn80f&fromjk=37b4ae76eb63748e&jt=Financial+Analyst)Location
--------

Bengaluru, Karnataka&nbsp;Full job description
--------------------


Applies ***basic foundation*** of a function's principles, theories and concepts to assignments of limited scope. Uses professional concepts and theoretical knowledge acquired through specialized training, education or previous experience. ***Develops expertise*** and practical knowledge of applications within business environment. Acts as team member by providing information, analysis and recommendations in support of team efforts. Exercises independent judgment within defined parameters.


 ***Responsibilities:*** 


* Provides financial analysis for a function or business.
* Performs data extraction and analyzes data to make recommendations.
* Handles financial business issues.
* Provides analytics to business initiatives
* Develops an understanding of HP's financial processes and a working knowledge of the business.


 ***Education and Experience Required:*** 


* First level university degree with a focus in business or economics recommended or equivalent experience.
* Typically 0+ years of experience as a financial analyst.


 ***Knowledge and Skills:*** 


* Basic understanding of accounting processes.
* Basic analytical skills.
* Good business application skills (e.g., Microsoft Excel).
* Good communication skills.
* Good teamwork skills.


You must create an Indeed account before continuing to the company website to applyApply nowsave-icon&nbsp;Report job",Hewlett Packard,2024-05-20 16:41:47
3,4,1,job_abaecd49266ea70e,Analytics Solutions Analyst,https://in.indeed.com/rc/clk?jk=abaecd49266ea70e&bb=UW0oRopyZQzSb4vEfCM3HlkdA1yQFVRK7f0EsMiGmWHx4LD7ycDZowKSpRo7pq8BwdUDmWovCcTX_n6YCgwSK7QHd7vQaZMkOk2xVWjfGD_eg9S1Ne4oEA%3D%3D&xkcb=SoC-67M3ALUFXsR83x0IbzkdCdPP&fccid=c46d0116f6e69eae&vjs=3,"Analytics Solutions Analyst
===========================

[JPMorgan Chase & Co](https://in.indeed.com/cmp/JPMorgan-Chase-&-Co-7555c073?campaignid=mobvjcmp&from=mobviewjob&tk=1hube3v79mnab804&fromjk=abaecd49266ea70e)3.9 out of 5Varthur, Bengaluru, Karnataka[JPMorgan Chase & Co
-------------------

19,379 reviewsRead what people are saying about working here.](https://in.indeed.com/cmp/JPMorgan-Chase-&-Co-7555c073/reviews?campaignid=mobvjcmp&cmpratingc=mobviewjob&from=mobviewjob&tk=1hube3v79mnab804&fromjk=abaecd49266ea70e&jt=Analytics+Solutions+Analyst)JobCompanyJob details
-----------

Here’s how the job details align with your [profile](https://profile.indeed.com/).### Job type

* Full-time
&nbsp;Location
--------

Varthur, Bengaluru, Karnataka&nbsp;BenefitsPulled from the full job description
--------------------------------------------

* Health insurance
&nbsp;Full job description
--------------------


**JOB DESCRIPTION**
 **Commercial Banking –Data, Analytics & Tools (DAT) Operations – Enterprise Data Hub Platform Operations** 


JPMorgan Chase & Co. (NYSE: JPM) is a leading global financial services firm with assets of $2.9 trillion and operations worldwide. The firm is a leader in investment banking, financial services for consumers and small business, commercial banking, financial transaction processing, and asset management. A component of the Dow Jones Industrial Average, JPMorgan Chase & Co. serves millions of consumers in the United States and many of the world’s most prominent corporate, institutional and government clients under its JPMorgan Chase & Co brands. JPMorgan Chase & Co.is committed to providing a comprehensive set of benefits choices to meet different employee needs and lifestyles, which include choices such as fully paid parental leave time, health care insurance and retirement benefits.


 Commercial Banking (CB) serves more than 30,000 clients, including corporations, municipalities, financial institutions, and not-for-profit entities with annual revenues generally ranging from $20 million to $2 billion. The Firm's broad platform positions the Commercial Bank to deliver extensive product capabilities - lending, treasury services, investment banking, and asset management - to meet our clients' domestic and international financial needs.


 The Data, Analytics & Tools (DAT) group is responsible for ensuring that the Commercial Bank’s Business Process tool investments result in better client experience, internal process efficiencies and leverage data to provide client insights and opportunities. The Program Operations Associate will be responsible for providing oversight and execution for operationalized Product Ownership activities in an Agile environment. The candidate will partner with the EDH Product Owner to manage JIRA stories from Definition/Prioritization/Scoring through UAT testing and Implementation to ensure strategic initiatives for the CB’s Enterprise Data Hub are executed in a controlled and timely manner.


 **Core Responsibilities:**


 1.Partner with EDH Product Owner, LOB Information Owners, and Technology to execute against diverse Programs to deliver against an aggressive book-of-work.


 2.Maintain JIRA in line with Control Standards and for ease of Status reporting.


 3.Assist with UAT Deliverables and Implementation Checklists to evidence controlled change.


 4.Provide timely communications on impacts/deliverables between geographically diverse teams.


 5.Identify production bugs and work with stakeholders and technology to remediate.


 6.Produce timely reports on Change Management metrics/KPIs


 


**Required Qualifications:**


 ·BS/BA degree


 · 3+ years of experience with Project management with current understanding of Agile Methodologies


 ·Experience with setting up and maintaining JIRA boards for understanding of reporting from JIRA


 ·Ability to lead, challenge and adopt a changing business landscape


 ·Ability to focus on the key issues and drive initiatives to conclusion


 ·Strong relationship management and negotiation skills


 ·Strong communication skills


 ·Proficiency in Microsoft Office 


**Preferred Qualifications:**


 ·Demonstrated experience with Big Data environments.


 ·Understanding of JPMC Controls Framework related to Change Management activities.


 ·Experience as a product owner for an application

 **ABOUT US**

  

JPMorgan Chase & Co., one of the oldest financial institutions, offers innovative financial solutions to millions of consumers, small businesses and many of the world’s most prominent corporate, institutional and government clients under the J.P. Morgan and Chase brands. Our history spans over 200 years and today we are a leader in investment banking, consumer and small business banking, commercial banking, financial transaction processing and asset management.  
   
 We recognize that our people are our strength and the diverse talents they bring to our global workforce are directly linked to our success. We are an equal opportunity employer and place a high value on diversity and inclusion at our company. We do not discriminate on the basis of any protected attribute, including race, religion, color, national origin, gender, sexual orientation, gender identity, gender expression, age, marital or veteran status, pregnancy or disability, or any other basis protected under applicable law. We also make reasonable accommodations for applicants’ and employees’ religious practices and beliefs, as well as mental health or physical disability needs. Visit our FAQs for more information about requesting an accommodation.



  

  

  
 **ABOUT THE TEAM**
  

  
 Commercial Banking is focused on helping our clients succeed and making a positive difference in our communities. We provide credit and financing, treasury and payment services, international banking and real estate services to clients including corporations, municipalities, institutions, real estate investors and owners, and nonprofit organizations.
You must create an Indeed account before continuing to the company website to applyApply nowsave-iconReport job",JPMorgan Chase & Co,2024-05-20 16:41:47
4,5,1,job_9f3a8da8c210c4ba,Data Loss Prevention Analyst,https://in.indeed.com/rc/clk?jk=9f3a8da8c210c4ba&bb=UW0oRopyZQzSb4vEfCM3HsfZ8JOGgeuv7x9wal4z1PogPdU7TagOVWMGYgsV6yuEAhHgQ-bNsgNgs0QYQMGXZabbUQImSVJ0HM-2pp2pqXZAeYDho_EZkQ%3D%3D&xkcb=SoAw67M3ALUFXsR83x0PbzkdCdPP&fccid=2d181105260f6454&vjs=3,"Data Loss Prevention Analyst
============================

[London Stock Exchange Group](https://in.indeed.com/cmp/Lseg-(london-Stock-Exchange-Group)-1?campaignid=mobvjcmp&from=mobviewjob&tk=1hube416kjv6t806&fromjk=9f3a8da8c210c4ba)3.7 out of 5Bengaluru, Karnataka[London Stock Exchange Group
---------------------------

333 reviewsRead what people are saying about working here.](https://in.indeed.com/cmp/Lseg-(london-Stock-Exchange-Group)-1/reviews?campaignid=mobvjcmp&cmpratingc=mobviewjob&from=mobviewjob&tk=1hube416kjv6t806&fromjk=9f3a8da8c210c4ba&jt=Data+Loss+Prevention+Analyst)Job details
-----------

Here’s how the job details align with your [profile](https://profile.indeed.com/).### Job type

* Permanent
* Full-time
&nbsp;Location
--------

Bengaluru, Karnataka&nbsp;BenefitsPulled from the full job description
--------------------------------------------

* Health insurance
&nbsp;Full job description
--------------------




* Responsible for monitoring and responding to DLP incidents.
* Appropriately prioritization incidents based on impact and urgency of the incident.
* Required to analyse and gain insight from large, complex datasets, focusing on investigating live issues and opportunities for change, development, and improvement.
* Analysis of incidents and related issues and opportunities in a wide range of underlying DLP technologies.
* Be ready to articulate the results of your analysis to others in order to inform improvements to DLP rule sets, processes and systems.
* Attention to detail, and an ability to spot trends, will be crucial.

LSEG is a leading global financial markets infrastructure and data provider. Our purpose is driving financial stability, empowering economies and enabling customers to create sustainable growth. 
   

  
 Our purpose is the foundation on which our culture is built. Our values of **Integrity, Partnership** , **Excellence** and **Change** underpin our purpose and set the standard for everything we do, every day. They go to the heart of who we are and guide our decision making and everyday actions. 
   

  
 Working with us means that you will be part of a dynamic organisation of 25,000 people across 65 countries. However, we will value your individuality and enable you to bring your true self to work so you can help enrich our diverse workforce. You will be part of a collaborative and creative culture where we encourage new ideas and are committed to sustainability across our global business. You will experience the critical role we have in helping to re-engineer the financial ecosystem to support and drive sustainable economic growth. Together, we are aiming to achieve this growth by accelerating the just transition to net zero, enabling growth of the green economy and creating inclusive economic opportunity. 
   

  
 LSEG offers a range of tailored benefits and support, including healthcare, retirement planning, paid volunteering days and wellbeing initiatives. 
   

  
 We are proud to be an equal opportunities employer. This means that we do not discriminate on the basis of anyone's race, religion, colour, national origin, gender, sexual orientation, gender identity, gender expression, age, marital status, veteran status, pregnancy or disability, or any other basis protected under applicable law. Conforming with applicable law, we can reasonably accommodate applicants' and employees' religious practices and beliefs, as well as mental health or physical disability needs. 
   

  
 Please take a moment to read this privacy notice carefully, as it describes what personal information London Stock Exchange Group (LSEG) (we) may hold about you, what it's used for, and how it's obtained, your rights and how to contact us as a data subject . 
   

  
 If you are submitting as a Recruitment Agency Partner, it is essential and your responsibility to ensure that candidates applying to LSEG are aware of this privacy notice. 
   



 Job ID R0087036
 

You must create an Indeed account before continuing to the company website to applyApply nowsave-icon&nbsp;Report job",London Stock Exchange Group,2024-05-20 16:41:48
5,6,1,job_55fba2c59abda095,"Business Operations Analyst, Sr.I",https://in.indeed.com/rc/clk?jk=55fba2c59abda095&bb=UW0oRopyZQzSb4vEfCM3HsHeVxpk4p1dXh5rNU2jaGsjNz9eefDO1K-7_k1BwlCskLCWtRy3n4ZT8JO6s9WDmnbbdVQyHTVodEarx6Y6BaeS8TPmJyUE7Q%3D%3D&xkcb=SoCE67M3ALUFXsR83x0ObzkdCdPP&fccid=fb90332c857e2826&vjs=3,"Business Operations Analyst, Sr.I
=================================

[Lam Research](https://in.indeed.com/cmp/Lam-Research?campaignid=mobvjcmp&from=mobviewjob&tk=1hube42pvlg9d806&fromjk=55fba2c59abda095)3.7 out of 5Bengaluru, Karnataka[Lam Research
------------

639 reviewsRead what people are saying about working here.](https://in.indeed.com/cmp/Lam-Research/reviews?campaignid=mobvjcmp&cmpratingc=mobviewjob&from=mobviewjob&tk=1hube42pvlg9d806&fromjk=55fba2c59abda095&jt=Business+Operations+Analyst%2C+Sr.I)JobCompanyLocation
--------

Bengaluru, Karnataka&nbsp;Full job description
--------------------






**Job Responsibilities**



 Plans, performs and implements process improvement initiatives (such as Lean or Six Sigma). Diagrams and evaluates existing processes. Organizes, leads and facilitates cross-functional project teams. Develops metrics that provide data for process measurement, identifying indicators for future improvement opportunities. Collects data to identify root cause of problems. Measures performance against process requirements. Aligns improvement to performance shortfalls. Provides consultation on the use of re-engineering techniques to improve process performance and product quality. May deliver presentations and training courses including measurement, analysis, improvement and control. Surveys and analyzes best practices for techniques and processes. Communicates team progress. Performs cost and benefit analyses. Employees at the highest levels typically have Six Sigma Black Belt or Master certification.







 **Minimum Qualifications**



* Bachelor's degree and a minimum of 2 years of related experience; or an advanced degree without experience; or equivalent work experience.







**Our Commitment**



We believe it is important for every person to feel valued, included, and empowered to achieve their full potential. By bringing unique individuals and viewpoints together, we achieve extraordinary results.


*Lam Research (""Lam"" or the ""Company"") is an equal opportunity employer. Lam is committed to and reaffirms support of equal opportunity in employment and non-discrimination in employment policies, practices and procedures on the basis of race, religious creed, color, national origin, ancestry, physical disability, mental disability, medical condition, genetic information, marital status, sex (including pregnancy, childbirth and related medical conditions), gender, gender identity, gender expression, age, sexual orientation, or military and veteran status or any other category protected by applicable federal, state, or local laws. It is the Company's intention to comply with all applicable laws and regulations. Company policy prohibits unlawful discrimination against applicants or employees.*





You must create an Indeed account before continuing to the company website to applyApply nowsave-iconReport job",Lam Research,2024-05-20 16:41:48
6,7,1,job_9f14b465209ea52d,Analytics Solutions Associate - Data Products,https://in.indeed.com/rc/clk?jk=9f14b465209ea52d&bb=UW0oRopyZQzSb4vEfCM3Hh5JHwf_CTXgFJz7sttptyG2ziM8PrZ8huPk-yQW_LyJxVKX5DKM1HpYYTw4rVYTXyFOThSYKU2WJb3ga613ebfk18NE6Aq_hA%3D%3D&xkcb=SoAZ67M3ALUFXsR83x0NbzkdCdPP&fccid=c46d0116f6e69eae&vjs=3,"Analytics Solutions Associate - Data Products
=============================================

[JPMorgan Chase & Co](https://in.indeed.com/cmp/JPMorgan-Chase-&-Co-7555c073?campaignid=mobvjcmp&from=mobviewjob&tk=1hube44m82ehd01u&fromjk=9f14b465209ea52d)3.9 out of 5Varthur, Bengaluru, Karnataka[JPMorgan Chase & Co
-------------------

19,379 reviewsRead what people are saying about working here.](https://in.indeed.com/cmp/JPMorgan-Chase-&-Co-7555c073/reviews?campaignid=mobvjcmp&cmpratingc=mobviewjob&from=mobviewjob&tk=1hube44m82ehd01u&fromjk=9f14b465209ea52d&jt=Analytics+Solutions+Associate+-+Data+Products)JobCompanyJob details
-----------

Here’s how the job details align with your [profile](https://profile.indeed.com/).### Job type

* Full-time
&nbsp;Location
--------

Varthur, Bengaluru, Karnataka&nbsp;Full job description
--------------------


**JOB DESCRIPTION**
 **About the Employer:**


 **JPMorgan Chase & Co. (NYSE: JPM)** is a leading global financial services firm with assets of $3.4 trillion and operations worldwide. The firm is a leader in investment banking, financial services for consumers and small business, commercial banking, financial transaction processing, and asset management. JPMorgan Chase & Co. serves millions of consumers in the United States and many of the world’s most prominent corporate, institutional and government clients under its J.P. Morgan and Chase brands. Information about JPMorgan Chase & Co. is available at www.jpmorganchase.com.


 We have a strong culture that embodies the principles that guide us in how we do business across the firm. We strive to create a workplace that values and respects individual viewpoints, while at the same time challenging the status quo to make continuous improvements in our processes.


 JPMorgan is an equal opportunity employer and places high value on diversity and inclusion. We recognize that our people are our strength and diversity of thought and practices makes us more successful.


 *The current opening is within the DDP DAT team in Bengaluru which forms part of the Commercial Banking LOB.*


 Our Commercial Banking division uses technology driven by innovative minds like yours to provide companies, as well as real estate owners and investors with a range of financial solutions designed to help them achieve their business goals. With annual client revenues ranging from $20 million to over $2 billion, the service and the solutions we provide is critical to both our and our clients’ success.


 The Data Products Team works within Commercial Bank’s Data Analytics and Technology (DAT) organization, which leverages the firm’s unique and powerful data assets to deliver meaningful insights to tens of thousands of internal users, drive the bank’s strategy and decision-making, improve internal efficiencies, and ultimately help our clients achieve their goals. Looking forward, DAT is focused on expanding how we capture relationships between entities in our data, in order to produce next-level insights and uncover unforeseen risks.


 **About the Role:**


 Your strategic mindset and passion for data analytics will be instrumental as you oversee analytics operations, allocate work effectively, and measure project performance. Leveraging your Industry knowledge, you’ll interpret data to improve quality and drive innovation. A can-do attitude, strong track record in partnering with tech and stakeholders in the US, and detail-oriented approach are essential for success in this role.


 **Job Responsibilities:**


* Partner with key stakeholders and subject matter experts within the organization to identify data skills gaps and develop training programs to address them.
* Creating and maintaining a positive and collaborative work environment for the team.
* Provide subject matter expertise support to downstream teams and stakeholders
* Promote culture of data driven decision making across all levels of the organization
* Ensure compliance with all relevant regulations, department SOPs and company policies.
* Manage and train operational staff including hiring, coaching, and performance evaluations
* Demonstrate your ability to lead the business towards solutions, resolve issues/risks, and gain agreement on milestones
* Keep up-to-date with the latest developments in data science, analytics, machine learning, AI and data visualization tools, integrating these into the program as appropriate
* Foster an environment of continuous learning and encourage and enthusiastic and professional attitude towards upskilling


 **Required Qualification:**


* Bachelor’s Degree required in any field of study. Advanced degree preferred.
* 8+ years of experience in the application of data & analytics to operational processing
* Experience building a strategy and roadmap across a large, diverse, global organization.
* Awareness of data science concepts, tools and languages is required (e.g. Python, R, SQL, machine learning algorithms, data visualization techniques, annotation tools – Amazon SageMaker)
* Demonstrated ability to manage tight delivery timelines, and ensure our organization is on track to execute and deliver strategic change that meets our goals.
* Proven ability to execute via successful internal partnerships with other organizations – with the ability to influence people at all levels, across a broad variety of job functions.
* Represent the Analytics vision, strategy, and roadmap with key senior stakeholders and in high visibility forums.
* Experience in Alteryx; Data Visualization tools with Tableau or Qlik; SQL
* Excellent project management, process optimization, and communication skills


 **Preferred qualifications, capabilities, and skills:**


* Experience in Financial Services preferred
* Knowledge of cloud data services, graph databases, and data management best practices

 **ABOUT US**

  

JPMorgan Chase & Co., one of the oldest financial institutions, offers innovative financial solutions to millions of consumers, small businesses and many of the world’s most prominent corporate, institutional and government clients under the J.P. Morgan and Chase brands. Our history spans over 200 years and today we are a leader in investment banking, consumer and small business banking, commercial banking, financial transaction processing and asset management.  
   
 We recognize that our people are our strength and the diverse talents they bring to our global workforce are directly linked to our success. We are an equal opportunity employer and place a high value on diversity and inclusion at our company. We do not discriminate on the basis of any protected attribute, including race, religion, color, national origin, gender, sexual orientation, gender identity, gender expression, age, marital or veteran status, pregnancy or disability, or any other basis protected under applicable law. We also make reasonable accommodations for applicants’ and employees’ religious practices and beliefs, as well as mental health or physical disability needs. Visit our FAQs for more information about requesting an accommodation.



  

  

  
 **ABOUT THE TEAM**
  

  
 Commercial Banking is focused on helping our clients succeed and making a positive difference in our communities. We provide credit and financing, treasury and payment services, international banking and real estate services to clients including corporations, municipalities, institutions, real estate investors and owners, and nonprofit organizations.
You must create an Indeed account before continuing to the company website to applyApply nowsave-iconReport job",JPMorgan Chase & Co,2024-05-20 16:41:48
7,8,1,job_6095f7d6d92e352f,People Analytics and HRIS Analyst,https://in.indeed.com/rc/clk?jk=6095f7d6d92e352f&bb=UW0oRopyZQzSb4vEfCM3HtM2cSXOkzvbV74OahN517_Y7bbtWTbC2vjyERPWKAi7lcK6aI8ZisPdayTHS6Kj7N4FwegvhanwIcvG6sy1mICa7kJhANF4OJftlyNZzOzZ&xkcb=SoCt67M3ALUFXsR83x0MbzkdCdPP&fccid=dd616958bd9ddc12&vjs=3,"People Analytics and HRIS Analyst
=================================

Precision AQBengaluru, KarnatakaHybrid workLocation
--------

Bengaluru, Karnataka&nbsp;Full job description
--------------------


**\*\*\*This role requires you to be in the Banglalore, India office 3 days a week.\*\*\***


 **\*\*\*This role requires you to begin working 12pm India time zone.\*\*\***


  


 People Analytics and HRIS Analyst


 **Job Description**


 The People Analytics and HRIS Analyst will help us transform and optimize the way employee data is used to drive our talent strategy including talent acquisition, retention, organizational development, workforce planning and diversity. This role will be part of a broader HRIS and People Analytics team across multiple geographic regions, serving as part of our new regional HR Shared Services Center team in India. This individual will possess strong business acumen and domain expertise to build a variety of analytical solutions including dashboards, tools and models that inform data-driven decisions. This is a highly cross functional role requiring the ability to collaborate with senior leaders, other analytics teams, HR and the Enterprise Data Services team. This role works under the direction of the Senior HRIS Manager based in the United States, as part of the global People Operations and HR Shared Services team. The role will coordinate with HR resources across the globe as part of our new regional HR Shared Services Center team in Banglalore, India.


 **Essential Functions of the job include but are not limited to:**


* Play a key role in managing the HR data and technology portfolio, helping to continue to scale the organization globally through insights, self-service, and company-wide reporting and processes.
* Contribute significantly to our HR data transformation, leading or supporting various data and HRIS related tasks and projects as we move to a new global HRIS.
* Work cross-functionally to help build and support a best-in-class data environment and an integrated technology stack that ensures the quality and integrity of people data, making shared metrics available across the business
* Maintain knowledge of current industry trends and promote idea sharing and standard methodologies. Translate business and talent issues into questions and hypothesis that can be tested with data.
* Act as an internal consultant by understanding business needs, scoping data requests, synthesizing insights, and recommending solutions to key business partners.
* Partner with Business Intelligence team to design and build dashboards/visualizations to tell a compelling and easy to understand data story across various delivery methods. Design frameworks to connect business and people data together to identify and solve business problems and deliver an impact on employee experience, performance and culture.
* Apply expertise in quantitative analysis and the presentation of data to help inform, influence, support and execute business decisions.
* Collect and compile people metrics and data from a variety of sources to provide insights by analyzing data and statistics for trends and patterns with attention to recruitment, hiring practices, diversity and inclusion practices, engagement, and turnover.


**Experience and Education:**


* Bachelor's degree in Business or related field required.
* Four plus years of consulting or corporate work experience successfully using data and analytics to improve business results.
* Experience with predictive analytics a plus
* Experience working with People/organizational data (e.g. headcount, turnover, recruiting metrics, diversity metrics, etc.)
* Experience using HR systems and tools
* Prior experience with SAP SuccessFactors, ADP, Keka and/or Greenhouse strongly preferred
* Project management experience preferred
* Highly proficient in Microsoft Excel
* HRIS report writing experience, PowerBI experience preferred
* Prior experience with large-scale HRIS implementations strongly preferred


**Skills, Competencies and Attributes:**


* Broad knowledge in data analytics, basic statistics, and interpreting results from a people perspective.
* Strong data visualization and storytelling skills
* Robust analytics capabilities and problem-solving skills.
* Ability to work effectively in a fast-paced environment
* Ability to solve complex problems and take a critical perspective on existing solutions
* Team player with strong collaboration and stakeholder management skills.
* Self-directed and comfortable working in ambiguous environments
* Possess superb communication skills, solid attention to detail and organizational skills
* Demonstrate exceptional judgment and discretion when dealing with highly sensitive and confidential data
* Find opportunities to evolve analytics capabilities/products, and instill a culture of continuous improvement to refine and enhance existing capabilities
* Adapt readily to changing priorities; offering solutions to challenges or problems as they occur.
* Establish rapport, credibility, trust, and respect throughout the organization at all levels




  
 Any data provided as a part of this application will be stored in accordance with our Privacy Policy. For CA applicants, please also refer to our CA Privacy Notice.


 Precision Medicine Group is an Equal Opportunity Employer. Employment decisions are made without regard to race, color, age, religion, sex, sexual orientation, gender identity, national origin, disability, veteran status or other characteristics protected by law. © 2020 Precision Medicine Group, LLC


 If you are an individual with a disability and require a reasonable accommodation to complete any part of the application process or are limited in the ability or unable to access or use this online application process and need an alternative method for applying, you may contact Precision Medicine Group at QuestionForHR@precisionmedicinegrp.com.



Apply nowsave-icon&nbsp;Report job",Precision AQ,2024-05-20 16:41:49
8,9,1,job_bc282074a8a7a638,"Data Domain Architect Analyst - Data Annotation, Finance",https://in.indeed.com/rc/clk?jk=bc282074a8a7a638&bb=UW0oRopyZQzSb4vEfCM3HuEWvkA3ybAFwTuIRUS6SeR1cRDxfFNZW613k6tYjvUaykKDj2fnX6zFaaln5Vq7FV6e67jdMviWN-CapI68HC8-zK5D0rtsPA%3D%3D&xkcb=SoBE67M3ALUFXsR83x0DbzkdCdPP&fccid=c46d0116f6e69eae&vjs=3,"Data Domain Architect Analyst - Data Annotation, Finance
========================================================

[JPMorgan Chase & Co](https://in.indeed.com/cmp/JPMorgan-Chase-&-Co-7555c073?campaignid=mobvjcmp&from=mobviewjob&tk=1hube480rlga4800&fromjk=bc282074a8a7a638)3.9 out of 5Bengaluru, Karnataka[JPMorgan Chase & Co
-------------------

19,379 reviewsRead what people are saying about working here.](https://in.indeed.com/cmp/JPMorgan-Chase-&-Co-7555c073/reviews?campaignid=mobvjcmp&cmpratingc=mobviewjob&from=mobviewjob&tk=1hube480rlga4800&fromjk=bc282074a8a7a638&jt=Data+Domain+Architect+Analyst+-+Data+Annotation%2C+Finance)JobCompanyJob details
-----------

Here’s how the job details align with your [profile](https://profile.indeed.com/).### Job type

* Full-time
&nbsp;Location
--------

Bengaluru, Karnataka&nbsp;Full job description
--------------------


**JOB DESCRIPTION**
  
 The Machine Learning team at JPMorgan Chase combines cutting edge machine learning techniques with the company’s unique data assets to optimize all the business decisions we make. In this role, you will be part of our world-class machine learning team, and work on the collection, annotation and enrichment of data for machine learning models. Our work spans the company’s lines of business, with exceptional opportunities in each.


 The successful candidate will work on multiple projects and provide data annotation services across a variety of data types including, but not limited to, text, chats, emails and audio. We expect the candidate to understand the business use-case and own the data annotation pipeline to go from the raw data to a reliable, annotated ground truth that can be used by sophisticated machine learning methods for banking applications such as risk assessment, trading models, customer relationship management, and pricing models.


 **Responsibilities**


* Work on data labeling tool(s) and annotate data for machine learning models. Sift through structured and unstructured data; identify the right content and annotate with the right label.
* Collaborate with stakeholders including machine learning engineers, data scientists, data engineers and product managers across all of JPMorgan Chase's lines of businesses, such as Investment Bank, Commercial Bank, and Asset Management.
* Work on engagements from understanding the business objective through the data identification, annotation and validation.
* Comprehend the subtleties of language used in the financial industry. Conduct research and bring clarity in business definitions and concepts. Annotate the terms, phrases, and data as per the project requirement.
* Understand and define the relationship among entities.
* Validate model results from the business perspective and provide feedback for model improvement.
* Effectively communicate data annotation concepts, process and model results to both technical and business audiences. Break down ML annotation topics in a clear manner.
* Adapt to changes in guidelines, priorities and environments.
* Transcribe verbatim audio recordings, single and multi-speaker of varying dialects and accents and identify relevant keywords and sentiment labels.
* Build a thorough understanding of data annotation and labeling conventions and develop documentation/guidelines for stakeholders and business partners.
* Develop key workflows, processes and KPIs to measure annotation performance and assess quality.
* Become a subject matter expert and trusted advisor to your business partners to create and structure new annotations, labels and sub-labels.
* Become a subject matter expert and trusted advisor to your business partners to create and structure new annotations, labels and sub-labels.
* Collaborate with ML engineering teams to simplify annotation workflows and improve ML model performance.
* Identify and successfully carry out opportunities to increase productivity with less manual efforts for ML applications through a mixture of ML Algorithms, LLMs, and programmatic scripts.
* Enhance labeling workflows and projects success metrics with ways to ensure quality and consistency in annotations.
* Engage and contribute in strategic programs and initiatives at firm level to identify problems while measuring and improving the quality of annotation deliverables.
* Identify opportunities to improve tooling, processes and implement scalable solutions
* Understand end to end data interactions and dependencies across complex data pipelines and data transformation and how they impact business decisions


 


**Qualifications**


* Strong experience in programming (Python, Unix)
* Strong academic background [Bachelors/Masters] in machine learning/data science/ data analytics/computer science or other quantitative/science field. Experience in financial industry is a plus.
* 5+ years of hands-on experience in data science, data analytics or research and leading a team
* Should be able to work both individually and collaboratively in teams, in order to achieve project goals.
* Must be curious, hardworking and detail-oriented, and motivated by complex analytical problems and interested in data analytics techniques.


 **Beneficial Skills**


* Experience in data extraction/collection form financial documents
* Experience with data annotation, labeling, entity disambiguation and data enrichment.
* Familiarity with industry standard annotation and labeling methods
* Exposure to voice translation services and tools
* Familiarity with Machine learning and AI paradigms such as text classification, entity recognition, information retrieval

 **ABOUT US**

  

JPMorgan Chase & Co., one of the oldest financial institutions, offers innovative financial solutions to millions of consumers, small businesses and many of the world’s most prominent corporate, institutional and government clients under the J.P. Morgan and Chase brands. Our history spans over 200 years and today we are a leader in investment banking, consumer and small business banking, commercial banking, financial transaction processing and asset management.  
   
 We recognize that our people are our strength and the diverse talents they bring to our global workforce are directly linked to our success. We are an equal opportunity employer and place a high value on diversity and inclusion at our company. We do not discriminate on the basis of any protected attribute, including race, religion, color, national origin, gender, sexual orientation, gender identity, gender expression, age, marital or veteran status, pregnancy or disability, or any other basis protected under applicable law. We also make reasonable accommodations for applicants’ and employees’ religious practices and beliefs, as well as mental health or physical disability needs. Visit our FAQs for more information about requesting an accommodation.



  

  

  
 **ABOUT THE TEAM**
  

  
 Our professionals in our Corporate Functions cover a diverse range of areas from finance and risk to human resources and marketing. Our corporate teams are an essential part of our company, ensuring that we’re setting our businesses, clients, customers and employees up for success.
You must create an Indeed account before continuing to the company website to applyApply nowsave-iconReport job",JPMorgan Chase & Co,2024-05-20 16:41:49
9,10,1,job_588d42ad06da51bf,Lead Data Analyst,https://in.indeed.com/rc/clk?jk=588d42ad06da51bf&bb=UW0oRopyZQzSb4vEfCM3HhffpoV0JYOnZLKoATAUN9FpBbETnyHpSG6A6BLwuxy6gcQqjEiWJYcbryT6ytKlp0XbC87jGUJmJ2rNopdyvKxcax998OSbNQ%3D%3D&xkcb=SoDw67M3ALUFXsR83x0CbzkdCdPP&fccid=2d181105260f6454&vjs=3,"Lead Data Analyst
=================

[London Stock Exchange Group](https://in.indeed.com/cmp/Lseg-(london-Stock-Exchange-Group)-1?campaignid=mobvjcmp&from=mobviewjob&tk=1hube49rrj9hb808&fromjk=588d42ad06da51bf)3.7 out of 5Bengaluru, Karnataka[London Stock Exchange Group
---------------------------

333 reviewsRead what people are saying about working here.](https://in.indeed.com/cmp/Lseg-(london-Stock-Exchange-Group)-1/reviews?campaignid=mobvjcmp&cmpratingc=mobviewjob&from=mobviewjob&tk=1hube49rrj9hb808&fromjk=588d42ad06da51bf&jt=Lead+Data+Analyst)Job details
-----------

Here’s how the job details align with your [profile](https://profile.indeed.com/).### Job type

* Permanent
* Full-time
&nbsp;Location
--------

Bengaluru, Karnataka&nbsp;BenefitsPulled from the full job description
--------------------------------------------

* Health insurance
&nbsp;Full job description
--------------------




 ABOUT US: LSEG (London Stock Exchange Group) is more than a diversified global financial markets infrastructure and data business. We are dedicated, open-access partners with a dedication to excellence in delivering the services our customers expect from us. With extensive experience, deep knowledge and worldwide presence across financial markets, we enable businesses and economies around the world to fund innovation, manage risk and create jobs. It's how we've contributed to supporting the financial stability and growth of communities and economies globally for more than 300 years. Through a comprehensive suite of trusted financial market infrastructure services - and our open-access model - we provide the flexibility, stability and trust that enable our customers to pursue their ambitions with confidence and clarity. LSEG is headquartered in the United Kingdom, with significant operations in 65 countries across EMEA, North America, Latin America and Asia Pacific. We employ 25,000 people globally, more than half located in Asia Pacific. LSEG's ticker symbol is LSEG. OUR PEOPLE: People are at the heart of what we do and drive the success of our business. Our values of Integrity, Partnership, Excellence and Change shape how we think, how we do things and how we help our people fulfil their potential. We embrace diversity and actively seek to attract individuals with unique backgrounds and perspectives. We break down barriers and encourage teamwork, enabling innovation and rapid development of solutions that make a difference. Our workplace generates an enriching and rewarding experience for our people and customers alike. Our vision is to build an inclusive culture in which everyone feels encouraged to fulfil their potential. We know that real personal growth cannot be achieved by simply climbing a career ladder - which is why we encourage and enable a wealth of avenues and interesting opportunities for everyone to broaden and deepen their skills and expertise. As a global organisation spanning 65 countries and one rooted in a culture of growth, opportunity, diversity and innovation, LSEG is a place where everyone can grow, develop and fulfil your potential with meaningful careers. ROLE PROFILE: This role is critical for effective execution and delivery of data governance programme named Data Trust within LSEG. A Lead Data Scientist in Data Governance Execution Team is responsible for ensuring execution of the Data Lineage activities can be automated end to end using NLP and other techniques and make the process sustainable while adopting to the changing environment and technology. They work closely with the Key internal stakeholders and with architects of DBORs and with tooling development teams to be able to successfully architect Governance process and automate for sustainability. ROLE SUMMARY: As a Senior Data Scientist within the Data Governance Execution team, you will collaborate closely with the wider Data Trust team and key divisional stakeholders to develop required algorithms overall data governance process and deliver data trust objectives. You will be responsible for capturing requirements, delivering automation working with wider team and stakeholders to create a sustainable lineage model for D&A datasets. To be successful in the role you will require a strong background in building and optimizing data pipelines, architectures, and data sets. WHAT YOU'LL BE DOING: • Data mining or extracting usable data from valuable data sources. • Design and implement efficient ETL processes for loading metadata into Data Governance tools. • Using machine learning tools to select features, create and optimize classifiers • Carrying out preprocessing of structured and unstructured data • Enhancing data collection procedures to include all relevant information for developing analytic systems • Processing, cleansing, and validating the integrity of data to be used for analysis. • Analyzing large amounts of information to find patterns and solutions. • Developing LLM models and machine learning algorithms • Using NLP to build descriptions. • Presenting results in a clear manner • Propose solutions and strategies to tackle business challenges. • Collaborate with Business and IT teams WHAT YOU'LL BRING: • Minimum of 8 years of experience in a similar role. • Programming Skills - knowledge of statistical programming languages like R, Python, and database query languages like SQL, Hive, Pig is desirable. • Statistics - Good applied statistical skills, including knowledge of statistical tests, distributions, regression, maximum likelihood estimators, etc. Proficiency in statistics is essential for data-driven companies. • Machine Learning - good knowledge of machine learning methods like k-Nearest Neighbors, Naive Bayes, SVM, Decision Forests. Need to build LLM models using NLP • Strong Math Skills (Multivariable Calculus and Linear Algebra) - understanding the fundamentals of Multivariable Calculus and Linear Algebra is important as they form the basis of a lot of predictive performance or algorithm optimization techniques. • Data Wrangling - proficiency in handling imperfections in data is an important aspect of a data scientist job description. • Experience with Data Visualization Tools like matplotlib, ggplot, d3.js., Pwer BI that help to visually encode data • Excellent Communication Skills - it is incredibly important to describe findings to a technical and non-technical audience. • Strong Software Engineering Background • Hands-on experience with data science tools • Problem-solving aptitude • Analytical mind and great business sense • Degree in Computer Science, Engineering or relevant field is preferred • Proven Experience as Data Analyst or Data Scientist Education: - Bachelor's degree in Computer Science, Engineering, or a related field - Machine learning certification - Data Science certification Preferred Qualifications: • Exposure to NLP, preferably LLM • Experience with machine learning and data mining techniques • Familiarity with data security and privacy concerns • Knowledge of data warehousing and business intelligence concepts • Advanced degree in Computer Science, Engineering, or a related field 
   

  
 LSEG is a leading global financial markets infrastructure and data provider. Our purpose is driving financial stability, empowering economies and enabling customers to create sustainable growth. 
   

  
 Our purpose is the foundation on which our culture is built. Our values of **Integrity, Partnership** , **Excellence** and **Change** underpin our purpose and set the standard for everything we do, every day. They go to the heart of who we are and guide our decision making and everyday actions. 
   

  
 Working with us means that you will be part of a dynamic organisation of 25,000 people across 65 countries. However, we will value your individuality and enable you to bring your true self to work so you can help enrich our diverse workforce. You will be part of a collaborative and creative culture where we encourage new ideas and are committed to sustainability across our global business. You will experience the critical role we have in helping to re-engineer the financial ecosystem to support and drive sustainable economic growth. Together, we are aiming to achieve this growth by accelerating the just transition to net zero, enabling growth of the green economy and creating inclusive economic opportunity. 
   

  
 LSEG offers a range of tailored benefits and support, including healthcare, retirement planning, paid volunteering days and wellbeing initiatives. 
   

  
 We are proud to be an equal opportunities employer. This means that we do not discriminate on the basis of anyone's race, religion, colour, national origin, gender, sexual orientation, gender identity, gender expression, age, marital status, veteran status, pregnancy or disability, or any other basis protected under applicable law. Conforming with applicable law, we can reasonably accommodate applicants' and employees' religious practices and beliefs, as well as mental health or physical disability needs. 
   

  
 Please take a moment to read this privacy notice carefully, as it describes what personal information London Stock Exchange Group (LSEG) (we) may hold about you, what it's used for, and how it's obtained, your rights and how to contact us as a data subject . 
   

  
 If you are submitting as a Recruitment Agency Partner, it is essential and your responsibility to ensure that candidates applying to LSEG are aware of this privacy notice. 
   



 Job ID R0085408
 

You must create an Indeed account before continuing to the company website to applyApply nowsave-icon&nbsp;Report job",London Stock Exchange Group,2024-05-20 16:41:49
10,11,1,job_c2fd09c9e5dbc4a0,Sales Operations Analyst I,https://in.indeed.com/rc/clk?jk=c2fd09c9e5dbc4a0&bb=UW0oRopyZQzSb4vEfCM3HnKaBLrLPQluPV3jqse1of1ih_d9RmeByLWjBtHF8dDnz0o8q5L5vhqYNW7v39meAXtZbHlto27efp9mN2DqcXL31dacsDeRow%3D%3D&xkcb=SoBt67M3ALUFXsR83x0BbzkdCdPP&fccid=e15d9e27876d9dc3&vjs=3,"Sales Operations Analyst I
==========================

[Equinix](https://in.indeed.com/cmp/Equinix?campaignid=mobvjcmp&from=mobviewjob&tk=1hube4bdjjrjp802&fromjk=c2fd09c9e5dbc4a0)3.7 out of 5Bengaluru, Karnataka[Equinix
-------

354 reviewsRead what people are saying about working here.](https://in.indeed.com/cmp/Equinix/reviews?campaignid=mobvjcmp&cmpratingc=mobviewjob&from=mobviewjob&tk=1hube4bdjjrjp802&fromjk=c2fd09c9e5dbc4a0&jt=Sales+Operations+Analyst+I)Job details
-----------

Here’s how the job details align with your [profile](https://profile.indeed.com/).### Job type

* Full-time
&nbsp;Location
--------

Bengaluru, Karnataka&nbsp;Full job description
--------------------


**Who are we?**



 Equinix is the world’s digital infrastructure company®, operating over 250 data centers across the globe. Digital leaders harness Equinix's trusted platform to bring together and interconnect foundational infrastructure at software speed. Equinix enables organizations to access all the right places, partners and possibilities to scale with agility, speed the launch of digital services, deliver world-class experiences and multiply their value, while supporting their sustainability goals.





  

 A career at Equinix means you will collaborate on work that impacts the world and be surrounded by endless opportunities to learn new skills and grow in varied directions. We embrace diversity in thought and contribution and are committed to providing an equitable work environment that is foundational to our core values as a company and is vital to our success.




Sales Operations Analyst I
 
 **Job Summary**


 The role will work closely with multiple internal multi-functional teams globally and regionally and deliver value by supporting proactively the monthly order backlog exercise and providing analytical advisory with the various multi-functional teams.



 **Responsibilities**


 Core


* Determine and apply appropriate methodologies and tools to analyze a range of standard, functional and/or multi-functional issues/gaps
* Design and prepare the backlog orders metrics/dashboard to provide visibility on the backlog progress for multiple multi-functional teams
* To identify and consolidate data from various system with a streamlined and structured methodology to deliver accurate monthly backlog data on timely basis for the required multi-functional teams and sales management
* Provide overall support and coordinate with regional backlog business analyst to ensure that we are meeting the timeline and required milestones for the monthly backlog exercise
* Responsible for implementing and enforcing processes and tools that will maintain integrity and accuracy of backlog process and data
* To support standard reporting cycles in standard formats on daily, weekly, or monthly basis
* Supports status reporting providing periodic project updates, communicating identified risks, issues and concerns
* Implement ad-hoc deep dive analysis as requested or self initiated with minimum supervision or support from others and provide recommendation to support the identified objectives
* Explore automation and streamlining in processes/methodology to maintain the integrity and accuracy of the data/analytics



 Process and Policy Adoption and Reinforcement


* Educate internal or multi-functional teams on new tools/monthly backlog tracker, processes, and policies
* Deliver refresher trainings to address knowledge gaps
* Communicate process improvements and enhancements to multi-functional teams



 Project Management


* Supports project plans and resources, tracking timelines and ensuring status updates are periodically communicated
* Coordinate with business partners to facilitate alignment through implementation and post-implementation adoption
* Identify risks/issues and proactively initiate discussions on workaround and permanent solutions
* Coordinate multi-functional discussions to drive issues, challenges and prioritization efforts
* Identify and initiate projects to improve the data quality, analytics and processes related to backlog



 **Qualifications**


* 2+ years of relevant experience preferred
* Bachelor's degree required
* Experience in Tableau or Power BI



 Equinix is committed to ensuring that our employment process is open to all individuals, including those with a disability. If you are a qualified candidate and need assistance or an accommodation, please let us know by completing this form.



 Equinix is an Equal Employment Opportunity and, in the U.S., an Affirmative Action employer. All qualified applicants will receive consideration for employment without regard to unlawful consideration of race, color, religion, creed, national or ethnic origin, ancestry, place of birth, citizenship, sex, pregnancy / childbirth or related medical conditions, sexual orientation, gender identity or expression, marital or domestic partnership status, age, veteran or military status, physical or mental disability, medical condition, genetic information, political / organizational affiliation, status as a victim or family member of a victim of crime or abuse, or any other status protected by applicable law.



You must create an Indeed account before continuing to the company website to applyApply nowsave-icon&nbsp;Report job",Equinix,2024-05-20 16:41:49
11,12,1,job_4c75b44036bb5956,"Research Analyst (ICQA), ICQA Lead, ICQA",https://in.indeed.com/rc/clk?jk=4c75b44036bb5956&bb=UW0oRopyZQzSb4vEfCM3HpiQuIaCzjOU4kghLS853H4YuZctja4DnuJnkAqoF1zaCNeJ4eTubT0EGGSxW3UKNdp7wsg7PSL8JX7kNcsyDNGOn5-7-v4b5Q%3D%3D&xkcb=SoDZ67M3ALUFXsR83x0AbzkdCdPP&fccid=fe2d21eef233e94a&vjs=3,"Research Analyst (ICQA), ICQA Lead, ICQA
========================================

[ASSPL - Karnataka](https://in.indeed.com/cmp/Amazon.com?campaignid=mobvjcmp&from=mobviewjob&tk=1hube4cttlga4801&fromjk=4c75b44036bb5956)3.5 out of 5Bengaluru, Karnataka[ASSPL - Karnataka
-----------------

48,828 reviewsRead what people are saying about working here.](https://in.indeed.com/cmp/Amazon.com/reviews?campaignid=mobvjcmp&cmpratingc=mobviewjob&from=mobviewjob&tk=1hube4cttlga4801&fromjk=4c75b44036bb5956&jt=Research+Analyst+%28ICQA%29%2C+ICQA+Lead%2C+ICQA)JobCompanyJob details
-----------

Here’s how the job details align with your [profile](https://profile.indeed.com/).### Job type

* Full-time
&nbsp;Location
--------

Bengaluru, Karnataka&nbsp;Full job description
--------------------

B.E ( Mech/ Electronics/ Elec/ IP/CSE) with min 3 yrs experience · Experience in an analytical role in the Quality Assurance function preferred · Business analysts in any of the Amazon teams who have a flair for data crunching and generating innovative reports that drive actions · Prefer candidates with similar experience in Tier1 Auto-component/ Automotive Manufacturing/ Electronics Industry · Use of Excel and Macros to simplify reports · Strong analytical & communication skills · Knowledge of basic SQL 
  

  
 Job summary 
  

  
 **Summary:**
  
 Amazon is a highly data driven company highly obsessive about metrics. The Data analysts play a crucial role in creating unique reports from data available in multiple locations and providing vital insights into the root cause of quality defects and inventory adjustments. 
  

  
 Key job responsibilities 
  

* Daily/ weekly/ monthly Research activities: Data mining and understand the reasons for Quality Defects
* Prepare and publish daily/ weekly/ monthly reports on inventory quality (Large adjustments/Customer quality Defects/Process compliance Audit)
* Conduct daily training and also will be responsible to conduct daily skill huddles
* Quality Feedback to associates
* Stand-in for Process Associate and the Area Manager

 We are open to hiring candidates to work out of one of the following locations: 
  

  
 Bangalore, KA, IND 
  

  
 1. Experience in troubleshooting/ problem-solving desired 2. Experience in analyzing shop-floor processes and trends and recommending improvements 3. Knowledge intermediate/advance SQL/ VBA/Visual basic is an added advantageYou must create an Indeed account before continuing to the company website to applyApply nowsave-iconReport job",ASSPL - Karnataka,2024-05-20 16:41:50
12,13,1,job_b3e0a1d8cb671b46,Senior Data Analyst,https://in.indeed.com/rc/clk?jk=b3e0a1d8cb671b46&bb=UW0oRopyZQzSb4vEfCM3Hs1LdCSzLFUbKBByAvRyETqZzGqFpe2VxOU_0RCUr1B2mLSxdVey17gAxnRZuGXbhZ_NNIABGFTxWIQBZ6vfRdArwVal4rGdajaOWRwLCkGM&xkcb=SoBX67M3ALUFXsR83x0HbzkdCdPP&fccid=ce7622b0a3f12d27&vjs=3,"Senior Data Analyst
===================

[Indegene](https://in.indeed.com/cmp/Indegene?campaignid=mobvjcmp&from=mobviewjob&tk=1hube4ecglgaf802&fromjk=b3e0a1d8cb671b46)3.4 out of 5Bengaluru, Karnataka[Indegene
--------

61 reviewsRead what people are saying about working here.](https://in.indeed.com/cmp/Indegene/reviews?campaignid=mobvjcmp&cmpratingc=mobviewjob&from=mobviewjob&tk=1hube4ecglgaf802&fromjk=b3e0a1d8cb671b46&jt=Senior+Data+Analyst)Location
--------

Bengaluru, Karnataka&nbsp;Full job description
--------------------



 We are a technology-led healthcare solutions provider. We are driven by our purpose to enable healthcare organizations to be future ready. We offer accelerated, global growth opportunities for talent that’s bold, industrious and nimble. With Indegene, you gain a unique career experience that celebrates entrepreneurship, and is guided by passion, innovation, collaboration and empathy. To explore exciting opportunities at the convergence of healthcare and technology, check out www.careers.indegene.com
 

 What if we told you that you can move to an exciting role in an entrepreneurial organization without the usual risks associated with it?
 

 We understand that you are looking for growth in your career at this point and we would love for you to join us in our journey and grow with us. At Indegene, our roles come with the excitement you require at this stage of your career with the reliability you seek. We believe in creating leaders of tomorrow and mentor our leads to help them grow and nurture them as people managers and account managers.
 

 We are a rapidly growing global organization and are scouting for the best talent for this phase of growth. With us, you are at the intersection of two of the most exciting industries of healthcare and technology. We offer global opportunities with fast-track careers while you work with a team that is fueled by purpose. The combination of this will lead to a truly differentiated experience for you.
 

 If this excites you, then apply below:
 
  



 Senior Data Analyst
 

 You will be responsible for:
   
 Candidate is expected to implement digital marketing & analytics solutions in client environment. Candidate will be responsible for requirement gathering, prepare BRD, technical specifications document, creating user stories, implementing/testing/validating digital analytics solution, conduct A/B testing, campaign effectiveness analytics, tag management, & conduct proactive site audits. Reporting KPIs in an automated fashion and proposing enhancements to existing reports & dashboards. Candidate should be able to provide recommendations based on reports & dashboards.
 

 About you:
   
 Your impact:
   

* 4+ years' experience in web analytics domain
* Proven track-record of working across analytics tools -GA4, Adobe Analytics, Semrush, Google search console, Google Ads, Google Adverbs, among others web tools
* Should have statistics background in A/B testing, campaign effectiveness analysis, brand perception & listening
* Candidate should be able to implement tag management and audit
* Understand, visualize & implement analytics solutions
* Candidate should be hands on with creating dashboards in Excel & PPT
* Have hands on experience of SQL & BigQuery
* Offer recommendations for self-service analytics, build future-looking solutions
* Offer solutions for measuring the effectiveness of content and campaigns and delivering recommendations for improvement




 Must Have:
   
 GA4, SQL, web analytics, GTM tag management, SEO
 
  



 EQUAL OPPORTUNITY
 

 Indegene is proud to be an Equal Employment Employer and is committed to the culture of Inclusion and Diversity. We do not discriminate on the basis of race, religion, sex, colour, age, national origin, pregnancy, sexual orientation, physical ability, or any other characteristics. All employment decisions, from hiring to separation, will be based on business requirements, candidate’s merit and qualification.
 

 We are an Equal Opportunity Employer. All qualified applicants will receive consideration for employment without regard to race, colour, religion, sex, national origin, gender identity, sexual orientation, disability status, protected veteran status, or any other characteristics.
 
You must create an Indeed account before continuing to the company website to applyApply nowsave-icon&nbsp;Report job",Indegene,2024-05-20 16:41:50
13,14,1,job_aceddb8e69962168,Quantitative Analytics Specialist,https://in.indeed.com/rc/clk?jk=aceddb8e69962168&bb=UW0oRopyZQzSb4vEfCM3Hhzcu3mHZ0KAnYeHUOEINulh3AHf3o5s5plzCrqEZgvVN0vh6ERG6xsdb-4leiuy560PSMx2VQL0beL7I8BoxbrvfEqYAp5mug%3D%3D&xkcb=SoDj67M3ALUFXsR83x0GbzkdCdPP&fccid=78bbcd26e39621f5&vjs=3,"![Wells Fargo logo](https://d2q79iu7y748jz.cloudfront.net/s/_headerimage/1960x400/3efaed5d72efb79705c5433299ae2b84)![Wells Fargo logo](https://d2q79iu7y748jz.cloudfront.net/s/_squarelogo/256x256/c8197e12173ed0ba5522dee9270cd833)Quantitative Analytics Specialist
=================================

[Wells Fargo](https://in.indeed.com/cmp/Wells-Fargo?campaignid=mobvjcmp&from=mobviewjob&tk=1hube4fvejkmn800&fromjk=aceddb8e69962168)3.7 out of 5Bengaluru, Karnataka[Wells Fargo
-----------

46,195 reviewsRead what people are saying about working here.](https://in.indeed.com/cmp/Wells-Fargo/reviews?campaignid=mobvjcmp&cmpratingc=mobviewjob&from=mobviewjob&tk=1hube4fvejkmn800&fromjk=aceddb8e69962168&jt=Quantitative+Analytics+Specialist)Quantitative Analytics Specialist
---------------------------------

Wells Fargo - Bengaluru, KarnatakaJobCompanyYou must create an Indeed account before continuing to the company website to applyApply nowsave-iconJob details
-----------

Here’s how the job details align with your [profile](https://profile.indeed.com/).### Job type

* Full-time
&nbsp;Location
--------

Bengaluru, Karnataka&nbsp;Full job description
--------------------


**About this role:**
  

  
 **Wells Fargo is seeking a Quantitative Analytics Specialist**
  

  
 Corporate Risk helps all Wells Fargo businesses identify and manage risk. The team focuses on three key risk areas: credit risk, operational risk and market risk. As the company's second line of defense, Corporate Risk - or Independent Risk Management - provides independent oversight of risk-taking activities. Independent Risk Management establishes and maintains Wells Fargo's risk management program and provides oversight, including challenges to and independent assessment of the frontline's execution of its risk management responsibilities. Corporate Risk roles depend on a variety of skills, viz. data analysis and synthesis, root cause analysis, change management, process management & execution, risk governance, risk strategy, risk identification & assessment, risk prevention, controls & mitigation, risk monitoring, reporting & escalation, risk systems & technology.
   

  
 **In this role, you will:**
* Enhance modeling framework effectively ensuring consistency in modeling methodologies, Annual/Semi-Annual validations and Audit- tracking thereby ensuring controlled model risk
* Develop strategy for CCAR, CECL and Capital modeling of the bank's various products/portfolios and successfully defending Federal Reserve CCAR and OCC Annual Assessments
* Work closely with Corporate FP&A and LOB partners to develop and enhance the theory, framework and business logic behind the models and scenario forecasts
* Contribute to the bank's balance sheet and income statement modeling methodologies in support of treasury management, FP&A and capital planning by capturing interest rate risk in the banking book (IRRBB) by EVE
* Responsible for steering stakeholder conversations of user review and model challenge sessions with Business, Finance, Treasury and Model Risk Management for sign-offs on Champion & Challenger models
* Conduct econometric and statistical analysis of times series and panel data sets
* Knowledge on Python/R/SAS is must
* Experience on CCAR model development is must
* Knowledge on model life cycle (development, production, implementation and monitoring) and its intricacies are good to have
* Should possess strong documentation capabilities which would effectively convey complex models and processes
* Communicate design and results of complex models to a variety of audiences, including senior management, bank supervisors, Model Governance, Internal Audit and LOB end users. Coordinate with business partners, including production teams, and end users to ensure accurate model usage and implementation
* Adhere to model validation governance to ensure models are in compliance with policy and are working as intended, address model validation and regulatory feedback issues
* Solving model development and model production challenges in python with quick turn arounds

 **Risk Modeling Group (RMG):**
  

  
 The team is responsible for development and delivery of models leveraged for Credit Risk, Compliance Risk, and Operational Risk. These include models for credit and pre-provision net revenue (PPNR) forecasting, credit underwriting, collections, fraud, financial crimes, and fair lending.
   

  
 **Deposit & PPNR, Compliance, Liquidity & Operational Risk (DCLOR)**:
   

  
 This team within RMG (Risk Modeling Group) is responsible for driving the development of deposit balance, yield, liquidity, and operational loss forecasting models, developing & conforming corporate risk policies and meeting the needs of line of business model owners. Apart from model development effort, the team is also engaged in other part of model life cycle i.e., model production, implementation and monitoring processes.
   

  
 **Deposit & PPNR:**
  

  
 Deposit & PPNR team support Pre-Provision Net Revenue (PPNR) estimates including forecasting deposit balance & rate models to support ALM, FP&A, CCAR and Recovery and Resolution Planning. Team is responsible for the design, development, delivery, monitoring and production of econometric forecasting models for Deposit (Interest Expense), Fees (Non-II) & Expense (Non-IE) components to support business planning and economically sensitive CCAR submission.
   

  
 **Required Qualifications:**
  

  
 2+ years of Quantitative Analytics experience, or equivalent demonstrated through one or a combination of the following: work experience, training, military experience, education
   

  

* Master's degree or higher in statistics, mathematics, physics, engineering, computer science, economics, or quantitative discipline


  
  **Desired Qualifications:**
* Master's degree or higher in a quantitative field such as Statistics/Economics
* 4+ years of experience in Deposit & PPNR, Treasury Analytics, or equivalent demonstrated through one or a combination of the following: work experience, training, military experience, education
* 3+ years of experience in credit risk modeling and treasury/liquidity analytics
* 3+ years of advanced programming expertise in SAS or Python or R
* 3+ years of experience in team management (must)
* Strong documentation capabilities
* Strong project management skills with ability to prioritize work, meet deadlines, achieve goals, and work under pressure in a dynamic and complex environment
* Excellent verbal, written, and interpersonal communication skills
* Strong ability to develop partnerships and collaborate with other business and functional areas
* Excellent verbal, written, and interpersonal communication skills.
* Perform various complex activities related to predictive modeling.
* Provide analytical support for development, remediation, monitoring, and production of Deposit & PPNR, Operational, Liquidity Risk, Financial Crimes models
* Support development, implementation, execution and monitoring of Regulatory models such as Basel, CECL, and CCAR models
* Develop dynamic dashboards; analyze key risk parameters to help understand changes in business and model performance
* Identify opportunities and deliver process improvements, standardization, rationalization and automations. Enhance and standardize performance analysis, reporting packages and business loss forecast processes
* Maintain documentation for development, implementation and monitoring of processes across the team with focus on standardization of controls
* Ability to identify and manage complex issues and negotiate solutions within a geographically dispersed organization

 **Posting End Date:**
  

  
 **\*Job posting may come down early due to volume of applicants.**
  

  
 **We Value Diversity**
  

  
 At Wells Fargo, we believe in diversity, equity and inclusion in the workplace; accordingly, we welcome applications for employment from all qualified candidates, regardless of race, color, gender, national origin, religion, age, sexual orientation, gender identity, gender expression, genetic information, individuals with disabilities, pregnancy, marital status, status as a protected veteran or any other status protected by applicable law.
   

  
 Employees support our focus on building strong customer relationships balanced with a strong risk mitigating and compliance-driven culture which firmly establishes those disciplines as critical to the success of our customers and company. They are accountable for execution of all applicable risk programs (Credit, Market, Financial Crimes, Operational, Regulatory Compliance), which includes effectively following and adhering to applicable Wells Fargo policies and procedures, appropriately fulfilling risk and compliance obligations, timely and effective escalation and remediation of issues, and making sound risk decisions. There is emphasis on proactive monitoring, governance, risk identification and escalation, as well as making sound risk decisions commensurate with the business unit's risk appetite and all risk and compliance program requirements.
   

  
 Candidates applying to job openings posted in US: All qualified applicants will receive consideration for employment without regard to race, color, religion, sex, sexual orientation, gender identity, national origin, disability, status as a protected veteran, or any other legally protected characteristic.
   

  
 Candidates applying to job openings posted in Canada: Applications for employment are encouraged from all qualified candidates, including women, persons with disabilities, aboriginal peoples and visible minorities. Accommodation for applicants with disabilities is available upon request in connection with the recruitment process.
   

  
 **Applicants with Disabilities**
  

  
 To request a medical accommodation during the application or interview process, visit Disability Inclusion at Wells Fargo .
   

  
 **Drug and Alcohol Policy**
  

  
 Wells Fargo maintains a drug free workplace. Please see our Drug and Alcohol Policy to learn more.
Report job",Wells Fargo,2024-05-20 16:41:50
14,15,1,job_7ab4c24078a32b13,Business Intelligence,https://in.indeed.com/rc/clk?jk=7ab4c24078a32b13&bb=UW0oRopyZQzSb4vEfCM3HgHhsyEipP-4N_CE9GP90NHVbJ4Y5ywnn3Lznk8zKdDEisQBIRjR5TJVd3y34axevbLQuEBtzqRdey4Qq4elbXT9nTJB4TJzdwX4LBxWa2pg&xkcb=SoB-67M3ALUFXsR83x0FbzkdCdPP&fccid=8d25321c1defe73f&vjs=3,"Business Intelligence
=====================

[Wipro Limited](https://in.indeed.com/cmp/Wipro?campaignid=mobvjcmp&from=mobviewjob&tk=1hube4kcjjkld800&fromjk=7ab4c24078a32b13)3.8 out of 5Bengaluru, Karnataka[Wipro Limited
-------------

16,655 reviewsRead what people are saying about working here.](https://in.indeed.com/cmp/Wipro/reviews?campaignid=mobvjcmp&cmpratingc=mobviewjob&from=mobviewjob&tk=1hube4kcjjkld800&fromjk=7ab4c24078a32b13&jt=Business+Intelligence)JobCompanyLocation
--------

Bengaluru, Karnataka&nbsp;Full job description
--------------------



* Bengaluru, India
* Tech Hiring
* 3079219





**Job Description**
-------------------



**Job Title:** Tech/Project Lead - Business Intelligence (BI)


 **Location:** Bangalore, India


 **Primary skills:** Database design and data modeling, ETL, SQL and Query Optimization, Google looker


 **Secondary skills:** Stakeholder management, communication, presentation skills, collaboration, ability to articulate business requirement into tech capability.


 **Job Description:**


 We are seeking an experienced Tech/Project Lead with extensive expertise in Business Intelligence (BI), specifically focused on Data Warehousing (DW) technologies, including proficiency in GCP BigQuery and Google Looker reporting. The ideal candidate will have a proven track record of leading BI projects and teams, with a strong background in delivering high-impact BI solutions. Experience with Snowflake Data Warehouse is a plus.


 **Responsibilities:**


* Lead and manage BI projects from conception to completion, including project planning, resource allocation, and execution, ensuring adherence to timelines and budgets.
* Provide technical leadership and guidance to a team of BI analysts and developers, fostering a collaborative and high-performing team culture.
* Architect and design scalable and efficient data warehouse solutions, leveraging GCP BigQuery and Google Looker reporting tools to extract, transform, and visualize data.
* Collaborate closely with stakeholders to gather requirements, define project scope, and ensure alignment of BI solutions with business objectives.
* Drive continuous improvement and innovation in BI processes, methodologies, and technologies, staying abreast of industry trends and best practices.
* Mentor and coach team members, providing guidance and support to facilitate their professional growth and development.
* Act as a moderator between technical and non-technical stakeholders, effectively communicating technical concepts and insights to drive informed decision-making.


 **Requirements:**


* Bachelor’s degree in Computer Science, Information Systems, or related field.
* 8-10+ years of experience in Business Intelligence and Data Warehousing, with a proven track record of leading BI projects and teams.
* Expertise in GCP BigQuery and Google Looker reporting tools, with hands-on experience in designing and implementing BI solutions.
* Experience with Snowflake Data Warehouse is a plus.
* Strong leadership and project management skills, with the ability to effectively lead and motivate cross-functional teams.
* Excellent communication and interpersonal skills, with the ability to build strong relationships with stakeholders at all levels.
* Proven ability to deliver high-quality BI solutions on time and within budget, with a focus on driving measurable business outcomes.
* Strong analytical and problem-solving skills, with a keen attention to detail and a focus on delivering actionable insights.


 **Benefits:**


* Competitive salary and add-on benefits
* Opportunity to work on cutting-edge BI and DW technologies
* Professional development and training opportunities
* Dynamic and collaborative work environment
* Potential for career growth and advancement

 Data Warehousing
 


  



If you encounter any suspicious mail, advertisements, or persons who offer jobs at Wipro, please email us at **helpdesk.recruitment@wipro.com**. Do not email your resume to this ID as it is not monitored for resumes and career applications. 



 Any complaints or concerns regarding unethical/unfair hiring practices should be directed to our Ombuds Group at **ombuds.person@wipro.com**
  

  
 We are an Equal Opportunity Employer. All qualified applicants will receive consideration for employment without regard to race, color, caste, creed, religion, gender, marital status, age, ethnic and national origin, gender identity, gender expression, sexual orientation, political orientation, disability status, protected veteran status, or any other characteristic protected by law.
   

  
 Wipro is committed to creating an accessible, supportive, and inclusive workplace. Reasonable accommodation will be provided to all applicants including persons with disabilities, throughout the recruitment and selection process. Accommodations must be communicated in advance of the application, where possible, and will be reviewed on an individual basis. Wipro provides equal opportunities to all and values diversity.
 

You must create an Indeed account before continuing to the company website to applyApply nowsave-iconReport job",Wipro Limited,2024-05-20 16:41:50
