586,587,6,job_ee5336d22bb365fa,Data Engineer,https://in.indeed.com/rc/clk?jk=ee5336d22bb365fa&bb=tF4aan1b4E1HaDsgw7RjyKNfYr4_lmZXFL3Fgx_hNEQNBhtksSsMIMpP3jqAHlBGa_2bWmqp73N8XxyyePGCgFXeEddGkmkxo2CraxbKeW4h1Cm6NoKhX3XLzdSq7SQf&xkcb=SoBc67M3AISGmER_gh0JbzkdCdPP&fccid=ad3813e46e9342cd&vjs=3,Enable JavaScript and cookies to continue,19-05-2024 12:26
587,588,6,job_a3f9d83a5e46657b,"Data Engineer, Analytics and Data Science, YouTube",https://in.indeed.com/rc/clk?jk=a3f9d83a5e46657b&bb=tF4aan1b4E1HaDsgw7RjyJ0NCLNHmrCNddBPItBZQFYjeQ-qMbv4AZMc7ujR58iEIgrPRWHlu4IWrBBgsakEiYO7042PdSwUM3FUsX2UVMzxOwtQSCLupA%3D%3D&xkcb=SoBP67M3AISGmER_gh0NbzkdCdPP&fccid=a9021c35fcef6968&vjs=3,Enable JavaScript and cookies to continue,19-05-2024 12:26
588,589,6,sj_bd454e9ecfac6610,Principal Scientist,https://in.indeed.com/pagead/clk?mo=r&ad=-6NYlbfkN0CQhxT-1KYHnVrBMbtzvQEg2OgNWoTo4XoyVLsv9HFBLnyocn2nzy9Ce1OCO7bEInbpraHNnPnTQO-WM7iJxMhJBE3aFmHJN80_OJ7bi6F6m5cQ5evZ0WSP8HwQbPJ_OPGP5b7-gtSzss2zJMaALrBB9aJr-5XlploPUEtnCYzBhRaUqSmceGDaBd3ji4aTQFI_dpX2SxzLImkj-F0colK0ue6BIfO4FA7yYkj17oL2-xFhnuB0S74tuAhNThr9UzUQDUFBM_jpSmUqZTgA9_lgzFsD9CBnnwn8f9lxT5rp4QPl4W_UXvVYB2yiui1FQeamAM_Vr1pY4qQebIq4BsujhlJVu56V4OTsLBShzwska1gIh0XvqkKTu9LvZ0PQHLQX7HDG7Ux_8QwO6zNzdKZOrFk2ubZmj1H3lYPrAecx2ba8tj48coZ5X6DL3UJAvxoybpfQZlpYBo98duWYcs_F6GA6m9D8Qn4LtEYV8kwgJeUnLEj7oqpaMPJyHCVoOszczayuCskRBNRxIO1QBXfmb9kZPyWxAxiPcEHVpwSjMfJhAU7X3x5S-1KM6W1wJQA3eRCOsU__SUbETOkMp0-mUAUtap_x7qobTmjLQr3QzCRsf6qX_HIRAlHuOhRpyresgXetwwyS45oyykD50ckzFccAyy1HESyB1w3_sautAsbPLfRjtBV5AZUT4_Rw4rZmLxPi8pyeFMnEzEIomSaHxk5T50MHrVnrgKVLJrBjweyY8ET8hIdY1WGW8snFf64c-A5-vfLvc5qUnRKownDD&xkcb=SoAP6_M3AISGmER_gh0MbzkdCdPP&camk=nUmJqO2E8riQ1yVVh4AyRA==&p=5&fvj=0&vjs=3,Enable JavaScript and cookies to continue,19-05-2024 12:26
589,590,6,job_41d3ad899a6ce062,Data engineer,https://in.indeed.com/rc/clk?jk=41d3ad899a6ce062&bb=tF4aan1b4E1HaDsgw7RjyMO_kc34Vz4Er3_B08HiabijRXKIlLp2m2kQcd_X5Orys32GNf_Hg5cfSHnUHzU3W8pyaYQBu5cD285oFD6Ai8sZx9NYUAzCijB11ynm018l&xkcb=SoAS67M3AISGmER_gh0DbzkdCdPP&fccid=8d25321c1defe73f&vjs=3,Enable JavaScript and cookies to continue,19-05-2024 12:26
590,591,6,job_18c4b56d78f62cd4,Data Engineer,https://in.indeed.com/rc/clk?jk=18c4b56d78f62cd4&bb=tF4aan1b4E1HaDsgw7RjyP2N1uGTSRWR6n8xUhmKneba8vfAhKEl1jrZdq9n-0BI21P2f4qjiVHZDhZ3Sou0yQ10t0MvfSTwVbFlvvRgIT-WrERkFZU0BQ%3D%3D&xkcb=SoCm67M3AISGmER_gh0CbzkdCdPP&fccid=a4e4e2eaf26690c9&vjs=3,Enable JavaScript and cookies to continue,19-05-2024 12:26
591,592,6,sj_ee89ebab7ee9d812,"Manager, Product Science",https://in.indeed.com/pagead/clk?mo=r&ad=-6NYlbfkN0CMCQQL4xeZod6kzlvTiVGj2JaJmH6Sz1YmRnFlBx4Aqgrtf3MNQ-DPoFxhmzDneejU8fy6juAfo0RWbDpucjg-8_uSUAXEiNTqH1Ado4KrAJGzwH51IfCvrk1q-FJpnNBUbeKqe0I5isZFQM4ZRbXBtTqTKJBfC6VzAjQ73zij7HfHAqzIQnZvwYj0kMJwB0QDgPlVKgvD8On95buLe91-hC33n-PziRKxOLa8pCDnVqSqMuUoOTnhJcHNH-JHOkgAJC-wyoiO4Zr1H5LPewADB81mE5DgAa_kiiulyws7yu6XtSJVxHC1jeCw5rhvhcSfQYtSrGUbjjHQo6dSlM4gmTmpcEs7wnItVvEYAkr6BPfjvoO-MyUxCZ3iQo_HzvqzP68775CDKnlG2IeDViFJN2Awfz2JDGQgeYmnhDrKhL_Ay-Q4owbESRaK2YT7JuJrF7Q3O3wragsK8pEgxC0BgkfGElM2POBMmggAZhiSWH9hEVhrQEv7rmt9mXrH5VH1_qb45FUBlDf_cLQU0I67wS3CJ9W23nODDaYSgjuM41QszYNTlYKB9ufGOdrP3I_AmSxGDcEuvSdV9QhJ0IOzFamkxfA8RKt7Jlpq682jV52g2fsxUkmenR26rIeVOlo=&xkcb=SoDP6_M3AISGmER_gh0BbzkdCdPP&camk=f416UQcMBpCEj-qWw00EwA==&p=8&fvj=0&vjs=3,Enable JavaScript and cookies to continue,19-05-2024 12:26
592,593,6,job_6bf6979f526d8847,Data Engineer,https://in.indeed.com/rc/clk?jk=6bf6979f526d8847&bb=tF4aan1b4E1HaDsgw7RjyHuscKxRE8rFwA4hqPvtb4FwudsvGQW8GQAnv0YmDUSLKfPewQ1OrD4IZF3gYJzU5Lyfjsm99YybAm4RXnInl3wo6xEay2pBNA%3D%3D&xkcb=SoAB67M3AISGmER_gh0HbzkdCdPP&fccid=a4e4e2eaf26690c9&vjs=3,Enable JavaScript and cookies to continue,19-05-2024 12:26
593,594,6,job_2b04baee96054da1,Data Engineer,https://in.indeed.com/rc/clk?jk=2b04baee96054da1&bb=tF4aan1b4E1HaDsgw7RjyCXUSNWbmLPJlcDu6mrDahj0D7nRthLm1BlTp3ej7sxB82roWNgbSa60fGoCpZJxa3wPcypu5byAi_YdQhFyHEPJK6KmitM2RQ%3D%3D&xkcb=SoC167M3AISGmER_gh0GbzkdCdPP&fccid=a4e4e2eaf26690c9&vjs=3,Enable JavaScript and cookies to continue,19-05-2024 12:26
594,595,6,job_377167b5171a0876,Data Engineer,https://in.indeed.com/rc/clk?jk=377167b5171a0876&bb=tF4aan1b4E1HaDsgw7RjyF80asLQGXqU1Zlsrq2R6b6K7q_oM9EUeYcnIo4JHqF7VZgq4o5T5EAcFX52b4e8eMI4ZkzVe1iB7hFVRJdZEwcSOuXKI8yMIA%3D%3D&xkcb=SoAo67M3AISGmER_gh0FbzkdCdPP&fccid=14e7391c55beeb80&vjs=3,Enable JavaScript and cookies to continue,19-05-2024 12:26
595,596,6,job_6ac22a46726f0b35,Associate Data Engineer,https://in.indeed.com/rc/clk?jk=6ac22a46726f0b35&bb=tF4aan1b4E1HaDsgw7RjyOS6tepS-wZZ49pvVb_CE1CMkII9LTuCJgt1vRPCwKJ-fJnmhCg4bQYByaIr7vk2yWQRvwScSFW1P1ucR9Y1Q_CBAHmFE88EYw%3D%3D&xkcb=SoCc67M3AISGmER_gh0EbzkdCdPP&fccid=14e7391c55beeb80&vjs=3,Enable JavaScript and cookies to continue,19-05-2024 12:26
596,597,6,job_ca1bb673acce9e5e,Data Engineer,https://in.indeed.com/rc/clk?jk=ca1bb673acce9e5e&bb=tF4aan1b4E1HaDsgw7RjyOBMDoMJaQwRkDdV9qysWfdG8SPIFw3S-PidKmIqotS13J28-Ax-6Zt4Ta0UjmxMBhuVKycxuZHmsx5iRwa20bv05Tp_Yq2xvprP4f0fxK49&xkcb=SoC767M3AISGmER_gh0bbzkdCdPP&fccid=bed36d00e772c402&vjs=3,Enable JavaScript and cookies to continue,19-05-2024 12:26
597,598,6,job_21f4ddaa66c5579e,Data Engineer,https://in.indeed.com/rc/clk?jk=21f4ddaa66c5579e&bb=fIXDzoxqaHrXwQaBZBa5UjKpezdgIyB97t5QiS6SAdQqmXzJdXRzvP1FBM6hvlIeHXEDabL0U7CEza6O6ADq_0ZqqJK1wTue3QRi1Tnyb6UJv1kIn9-bIg%3D%3D&xkcb=SoDZ67M3AISFCEwFth0KbzkdCdPP&fccid=a4e4e2eaf26690c9&vjs=3,Enable JavaScript and cookies to continue,19-05-2024 12:26
598,599,6,job_61bd46b357e7ae4a,,https://in.indeed.com/rc/clk?jk=61bd46b357e7ae4a&bb=fIXDzoxqaHrXwQaBZBa5UqVouBu9LnJwH08ezDPpJbaWcGcpB9U295X_6EiHpbKrhxs5ICa0ixX2rCuQFId03hX-qoM0hH4TkBfOZxGuDuTFAbDTWPBsma_K4MI0fbY5&xkcb=SoBE67M3AISFCEwFth0JbzkdCdPP&fccid=22b85b89e0f554f8&cmp=JP-Tokyo&ti=Data+Engineer&vjs=3,Enable JavaScript and cookies to continue,19-05-2024 12:26
599,600,6,job_1212602fdb91530d,,https://in.indeed.com/rc/clk?jk=1212602fdb91530d&bb=fIXDzoxqaHrXwQaBZBa5UopWz4luOkWMH1cp3OULQXNqOIu0A4P7j8iQvs6Yh0BJvGNH4AN71_PsmCMrtczV3LcvpUOjORWfHr-FjtcXjFMiO4fvnMTiGqg-d3dZoD5q&xkcb=SoDw67M3AISFCEwFth0IbzkdCdPP&fccid=784ed0ea1f56bb8a&vjs=3,Enable JavaScript and cookies to continue,19-05-2024 12:26
600,601,6,job_02fa1a664433191f,,https://in.indeed.com/rc/clk?jk=02fa1a664433191f&bb=fIXDzoxqaHrXwQaBZBa5UvWNo9UOCINyE9iq_A2FDfiTMY1OeDID5zh_L2K4mWxNQw3m2g0S9qVibINu1-uPT3Jp0CnVWThRz2i4q2aea8RzftGdraPmMIY86z9q_tau&xkcb=SoDK67M3AISFCEwFth0ObzkdCdPP&fccid=694d9cb131e080cd&cmp=Her-Second-Innings&ti=Data+Engineer&vjs=3,Enable JavaScript and cookies to continue,19-05-2024 12:26
601,602,6,job_c971107e71325884,,https://in.indeed.com/rc/clk?jk=c971107e71325884&bb=fIXDzoxqaHrXwQaBZBa5UtqBeeJZ1K3MQ4LQM2p3yfE4fBiIgPUNHMpvIw7o9xQ_4tfasOE72aVta1zxovnEZ8pQ_d_146kwCEJTic8qbNZjD7Bigq95rg%3D%3D&xkcb=SoBX67M3AISFCEwFth0NbzkdCdPP&fccid=1b866506aec22461&vjs=3,Enable JavaScript and cookies to continue,19-05-2024 12:26
602,603,6,job_f082e00934c2b00e,,https://in.indeed.com/rc/clk?jk=f082e00934c2b00e&bb=fIXDzoxqaHrXwQaBZBa5UqkD5VjS7gAhbz7F_QsEequ4DNsHBj8hhRfLPYEzDAEa-4l26Q9ySyj9c4Sjyj00IEbIbNPL6nIJ1ZSHkLxx_EaRCyQTDhNG58dfzliYFPHZ&xkcb=SoAK67M3AISFCEwFth0DbzkdCdPP&fccid=ad3813e46e9342cd&vjs=3,Enable JavaScript and cookies to continue,19-05-2024 12:26
603,604,6,job_8b327958275d14db,,https://in.indeed.com/rc/clk?jk=8b327958275d14db&bb=fIXDzoxqaHrXwQaBZBa5UubedREVhYU-PtkEiRI720y_JhTnElGXqUdYSR38L_KrbMGxiFrtNTmHjlSYf_OQCWrKaSlDebiLmcPh31OH7H44slW8t02WlvTNET2GEoDT&xkcb=SoC-67M3AISFCEwFth0CbzkdCdPP&fccid=5e6e46282ff9fe8f&vjs=3,Enable JavaScript and cookies to continue,19-05-2024 12:26
604,605,6,job_ea090f88d0288d5b,,https://in.indeed.com/rc/clk?jk=ea090f88d0288d5b&bb=fIXDzoxqaHrXwQaBZBa5UmDy-j6MlSW5uS3-2JJDiZIRRFbVKdv3R2qkeu5de4HaZb83k8_GBTLGpV-PJQm2XLyBxIROnLWyYYGLBd8-gM1t1AeNhK9lBQ%3D%3D&xkcb=SoAj67M3AISFCEwFth0BbzkdCdPP&fccid=0ca81e4238390a2d&vjs=3,Enable JavaScript and cookies to continue,19-05-2024 12:26
605,606,6,job_6af5eda90e5781e5,Data Engineer II,https://in.indeed.com/rc/clk?jk=6af5eda90e5781e5&bb=fIXDzoxqaHrXwQaBZBa5UsgqHg_g9DQO3K4U8djsYQGs8nZFc4mPgLAOIaQ2WHzjMH6oHRdYixrRKZ-shujdLEyST0s-ZjAZPZnzyGp_yc8J08LEm8svYA%3D%3D&xkcb=SoCX67M3AISFCEwFth0AbzkdCdPP&fccid=126e3afd205caa95&vjs=3,Enable JavaScript and cookies to continue,19-05-2024 12:26
606,607,6,job_f693f0b9a04db27c,Data Visualization Engineer,https://in.indeed.com/rc/clk?jk=f693f0b9a04db27c&bb=fIXDzoxqaHrXwQaBZBa5UherOoxRxTlugL9gNmtucHqejodRG1Jyme6DiDoHrm1hDNA2Fhun_2zXhplfFprihLaEjK0NjlchWaKJf4DsvjcF53wlY05zm8pHe5G1lhCJ&xkcb=SoAZ67M3AISFCEwFth0HbzkdCdPP&fccid=ad3813e46e9342cd&vjs=3,Enable JavaScript and cookies to continue,19-05-2024 12:26
607,608,6,job_518d3972d1047aba,Data Engineer - Associate,https://in.indeed.com/rc/clk?jk=518d3972d1047aba&bb=fIXDzoxqaHrXwQaBZBa5UpP-7OGAAEWpdAp4rr51BumpdaTr-SVSyIcPatgC-0bhu7tMFSd8TaMjzr0ntWUQa1zerv7DO64jAJvOGt8LdiME1JvS-s8QPA%3D%3D&xkcb=SoCt67M3AISFCEwFth0GbzkdCdPP&fccid=c46d0116f6e69eae&vjs=3,Enable JavaScript and cookies to continue,19-05-2024 12:26
608,609,6,job_315ead80d34e5bed,Intern-Data Engineer,https://in.indeed.com/rc/clk?jk=315ead80d34e5bed&bb=fIXDzoxqaHrXwQaBZBa5UherOoxRxTluid-2aeHzsXukKZAfk_eJw_O4fBpZUSgtuZJA4duPTJysVm7scspbPVwBPCq5-W806et3cRCEThVta3Wr79E8HfKlHLofWO6t&xkcb=SoAw67M3AISFCEwFth0FbzkdCdPP&fccid=d85f8e8910d4e18d&vjs=3,Enable JavaScript and cookies to continue,19-05-2024 12:26
609,610,6,job_7e8239fbb8a630c4,Data Engineer,https://in.indeed.com/rc/clk?jk=7e8239fbb8a630c4&bb=hNZ6sSWVDywxBMriZJRMhQh5LJwFz8ri4bFKthxO78Y9Din-pVCp1usrT0rycbXk8E48574-8Db5915w5NI1SZKr5aUP6mhKFXo-QtXgSntMs9hLBSqefj4Eb1lMe56r&xkcb=SoBD67M3AISEvpynUZ0LbzkdCdPP&fccid=328e069e300289d4&vjs=3,Enable JavaScript and cookies to continue,19-05-2024 12:26
610,611,6,job_f6c198786b4cdab2,Data Engineer- Junior,https://in.indeed.com/rc/clk?jk=f6c198786b4cdab2&bb=hNZ6sSWVDywxBMriZJRMhTgp5Y78ksEy05faXtLzD-X3XCHOLbhD0eg1fHlb3lIwr48FUz_wyVRo_gRd4yQc2JsQ0itjOcdqhGm4A7lnTwjyJfBi40nOPjBLUr0y21gF&xkcb=SoD367M3AISEvpynUZ0KbzkdCdPP&fccid=5bd426edd1d39430&vjs=3,Enable JavaScript and cookies to continue,19-05-2024 12:26
611,612,6,job_1a6e96e737482b04,Advanced Data Engineer,https://in.indeed.com/rc/clk?jk=1a6e96e737482b04&bb=hNZ6sSWVDywxBMriZJRMhQk2gxveZzGvEKgKWDko-tkm7Ns_hmnrxTpV63UsoPtbPcoVi48b9AxF0DyjREHSViMqPsqbEm3UG1jYEBTWOpwz0TvDGl2zog%3D%3D&xkcb=SoBq67M3AISEvpynUZ0JbzkdCdPP&fccid=50208b5bf45ee3b8&vjs=3,Enable JavaScript and cookies to continue,19-05-2024 12:26
612,613,6,job_29e15852059f5e9c,Data Engineer,https://in.indeed.com/rc/clk?jk=29e15852059f5e9c&bb=hNZ6sSWVDywxBMriZJRMhe8-J9TA7w_BrbMwPa0uftnZKIvjEe0aatYsg0pO-P2jYrcPjW5tQvZgHPu5M8YdZMB9wcPAQRmXFbkuPTGbsOw7xPe_iQBTpA%3D%3D&xkcb=SoDe67M3AISEvpynUZ0IbzkdCdPP&fccid=80fa24e3e94a3473&vjs=3,Enable JavaScript and cookies to continue,19-05-2024 12:26
613,614,6,job_f17a05c91f124556,Data Science Engineer - EXP1_2024,https://in.indeed.com/rc/clk?jk=f17a05c91f124556&bb=hNZ6sSWVDywxBMriZJRMhQZQjTa1xOKtlynfRCfdrEf63Qyy0YhHSc7DvsWcOSYIucq1TSp6lPm9yhR1JOkIdSJ3-6VAOD-AMkVaIXtHfSAHEy33YwmKkat6H5c9Gx2T&xkcb=SoBQ67M3AISEvpynUZ0PbzkdCdPP&fccid=a2faf1301ac6ad4b&vjs=3,Enable JavaScript and cookies to continue,19-05-2024 12:26
614,615,6,job_7e03170919843005,"Data Engineer, YouTube",https://in.indeed.com/rc/clk?jk=7e03170919843005&bb=hNZ6sSWVDywxBMriZJRMhcEJbpRvDFHAEIdvkOWr00XrVYtjl_xaD63PbIVZRbkuiRbOwL3cuigsr3L8sy26FsOqQltZ_ekvKD3fQeQm3Fl9k41xuNpVvw%3D%3D&xkcb=SoDk67M3AISEvpynUZ0ObzkdCdPP&fccid=a9021c35fcef6968&vjs=3,Enable JavaScript and cookies to continue,19-05-2024 12:26
615,616,6,job_e0035469d2142239,Data Engineer,https://in.indeed.com/rc/clk?jk=e0035469d2142239&bb=hNZ6sSWVDywxBMriZJRMhe1LZ7Krb8zfYp6TJbx0sgVaiOZeWhrCCA1buWvbe7X4kBClD_4MiZwoAL27c0jNV5bfnQY_p3NzzIyFpE3Tt0BsF6_NRd0FJfzBUw-GSH_m&xkcb=SoDN67M3AISEvpynUZ0MbzkdCdPP&fccid=67f0069b6dbb0486&vjs=3,Enable JavaScript and cookies to continue,19-05-2024 12:26
616,617,6,job_90c3d7c05b16e6e0,Data Engineer 1,https://in.indeed.com/rc/clk?jk=90c3d7c05b16e6e0&bb=hNZ6sSWVDywxBMriZJRMhZBjmTrPAX1t2DxNDogDbyEZjx8eDQCxIdo2r20nAfYZVIAitQETF0zziY1IVbuNln1qRTyJmPt9PG4dZC9KVXfJEnqPffMhnQ%3D%3D&xkcb=SoAk67M3AISEvpynUZ0DbzkdCdPP&fccid=9917de3c28f569f6&vjs=3,Enable JavaScript and cookies to continue,19-05-2024 12:26
617,618,6,job_d9e2b2b06ee79178,Data Engineer - Onsite,https://in.indeed.com/rc/clk?jk=d9e2b2b06ee79178&bb=hNZ6sSWVDywxBMriZJRMhd9RMTcoBuy1WIf7KL0E9jc2rZgUxCMgvDu3cFVke79Uzf9W8SKlU5fc7h0SAfO7HxYtUR5E5WuIOdZxbYIqI3K823oM2ssgXxPgnvK4x3xL&xkcb=SoB567M3AISEvoSnUZ0KbzkdCdPP&fccid=a8115343013cba55&vjs=3,Enable JavaScript and cookies to continue,19-05-2024 12:26
618,619,6,job_e5ff24778964de04,Data Engineer,https://in.indeed.com/rc/clk?jk=e5ff24778964de04&bb=hNZ6sSWVDywxBMriZJRMhbecc5D56jAmp8xMXpiqnKoIRHYMDLBZm533j_nXFGFVpV91Klg-SVkYU_ppIbpnnfZeFJw8BV2cI-3__uYQTfr2NDe5qmN5roY89Rv6Xkel&xkcb=SoDk67M3AISEvoSnUZ0JbzkdCdPP&fccid=6f26395d02c649a5&cmp=Encred-analytics&ti=Data+Engineer&vjs=3,Enable JavaScript and cookies to continue,19-05-2024 12:26
619,620,6,job_3cb8ecf9f278a909,Data Engineer,https://in.indeed.com/rc/clk?jk=3cb8ecf9f278a909&bb=hNZ6sSWVDywxBMriZJRMhUEG0rEUDC2SSHOF_xuDn-8E_4c_J0NK-uVBDd-VbEf9BnTq5veY8qTDa_r86tYn1mGah0Bd6RLgBPzRLcn-L46vqxPXZrtoc1FngR9Yn283&xkcb=SoBQ67M3AISEvoSnUZ0IbzkdCdPP&fccid=38ae06ed470b23b3&vjs=3,Enable JavaScript and cookies to continue,19-05-2024 12:26
620,621,6,job_8651231069f77784,Data Analyst Engineer â€“ Classification and Profiling (India - Remote),https://in.indeed.com/rc/clk?jk=8651231069f77784&bb=hNZ6sSWVDywxBMriZJRMhY98RJISr4sgYKCPebF1AIccZkP60SOO4_SA0LiABU1bdM8-CJC0TrFczoyRIAA1_hslwS6PSQOFJPMqCYKhmm4nxOraDlDaAPDM8pc4UyTP&xkcb=SoDe67M3AISEvoSnUZ0PbzkdCdPP&fccid=8e25e65bf6b24f71&cmp=Ordr%2C-Inc.&ti=Data+Analyst&vjs=3,Enable JavaScript and cookies to continue,19-05-2024 12:26
621,622,6,job_a982895a95dc1dc7,Lead Data Engineer with Python,https://in.indeed.com/rc/clk?jk=a982895a95dc1dc7&bb=hNZ6sSWVDywxBMriZJRMhRiySPEFM-ayV9vrIZigKPjLaAr3j1k31dzgXiK9Tp7QcaSdz4Lys658Gbhq02GrGsq3PU9Hh2LYs7f2qI98AGXsFadlblk6txfQq2GVb9BB&xkcb=SoBq67M3AISEvoSnUZ0ObzkdCdPP&fccid=7e13da3f53b107f9&cmp=Cygnus-Professionals&ti=Data+Engineer&vjs=3,Enable JavaScript and cookies to continue,19-05-2024 12:26
622,623,6,job_ffd299240ff7bbad,Senior Data Engineer,https://in.indeed.com/rc/clk?jk=ffd299240ff7bbad&bb=qH0A3ad-_unjBK_ejpeChKqXdVkFCl6DqZjlWmFSBcGvdHmMU_j79uuXEVIBZw3k8QFF_hnoHxK8bDtf4TnRJ1qPTjgaKq3VWUi9wffQ4liw6mE2jYmpD1ACdpe1Q4QG&xkcb=SoCI67M3AISELrynUZ0LbzkdCdPP&fccid=e9c8111ee4de3cfa&cmp=LanceTech-Solutions-Pvt-Ltd&ti=Data+Engineer&vjs=3,Enable JavaScript and cookies to continue,19-05-2024 12:26
623,624,6,job_50c957e1de24a081,Full-Stack Data Engineer,https://in.indeed.com/rc/clk?jk=50c957e1de24a081&bb=qH0A3ad-_unjBK_ejpeChJuEn53KN8HIiFqZKtb3HmEIt5Y3IO8eYVbBlEPyiBnqpet9LCHosbP7uuD2PkFjlLRBfmYwt28bELt9mgxYSh77y2WqEO0rdsuEa3MiZddW&xkcb=SoA867M3AISELrynUZ0KbzkdCdPP&fccid=29e6b8f681e64c45&cmp=Ross-Industries&ti=Full+Stack+Developer&vjs=3,Enable JavaScript and cookies to continue,19-05-2024 12:26
624,625,6,job_08c748a4a9ed49cd,Data Engineer,https://in.indeed.com/rc/clk?jk=08c748a4a9ed49cd&bb=qH0A3ad-_unjBK_ejpeChEKmW1fLbdE5zn_MIrcPsI-nSeDTlAQXqztJmGahrBr82oUgS3ImPyQRY_BQgais7lfrCZTPbfGfM17KUzZhNnKQqhjwzNOmDzkC22_-i0bY&xkcb=SoCh67M3AISELrynUZ0JbzkdCdPP&fccid=e6d4ba9e2cfe7902&vjs=3,Enable JavaScript and cookies to continue,19-05-2024 12:26
625,626,6,job_76e948d7c75d4ae0,Engineer - Data (DataOps),https://in.indeed.com/rc/clk?jk=76e948d7c75d4ae0&bb=qH0A3ad-_unjBK_ejpeChKqXdVkFCl6DtwKlgWJQsxVaQ7oaE1iY-ZfkbtSjCoASI7wciG8XXU3AbB8mayzZQaPRgtliqzKUnKECF0MB3QjpgrR2uoXSWCvXhqp3VjC3&xkcb=SoAV67M3AISELrynUZ0IbzkdCdPP&fccid=37f39930e85bec2a&vjs=3,Enable JavaScript and cookies to continue,19-05-2024 12:26
626,627,6,job_2ef769f9c47c8c0f,Data Engineer 2,https://in.indeed.com/rc/clk?jk=2ef769f9c47c8c0f&bb=qH0A3ad-_unjBK_ejpeChLACDP6ZQzXSlwyIMgIh3VVZSpC6_czc2N0F32fkg469-jYeoEJmnMiJ5mL9z_3pG8uMWhfkfs4W2-Z9Oks87DTWny_iFPn75A%3D%3D&xkcb=SoCb67M3AISELrynUZ0PbzkdCdPP&fccid=beb2b679d6e2402e&vjs=3,Enable JavaScript and cookies to continue,19-05-2024 12:26
627,628,6,job_7279f202cd9520b5,Data Engineer,https://in.indeed.com/rc/clk?jk=7279f202cd9520b5&bb=qH0A3ad-_unjBK_ejpeChLhlPCCK95nzYULzMBTlpkGlaT1NCAxZiyWRRjaB3PulwQfIlUv2Bsk_i6Xb4RbSrQgznkrBbQM1HTMNgHXrmGS-TzBHijhAz5t4VRet0sOn&xkcb=SoAv67M3AISELrynUZ0ObzkdCdPP&fccid=87361090001f62a6&cmp=Groxily-Technologies&ti=Data+Engineer&vjs=3,Enable JavaScript and cookies to continue,19-05-2024 12:26
628,629,6,job_1cd01dc61b6ff8a9,Data Engineer (Python),https://in.indeed.com/rc/clk?jk=1cd01dc61b6ff8a9&bb=qH0A3ad-_unjBK_ejpeChEm3OhX9KQEj9QQGITz0l04zv_n2P7g8V_Hw-3TZADYJJlARFwMuNLSh3GpYpyhAzeJEdjOgJ9cpioMUUVe7lEowyVxzsYxtd72HomV0Escp&xkcb=SoAG67M3AISELrynUZ0MbzkdCdPP&fccid=93a2379e5d43da48&vjs=3,Enable JavaScript and cookies to continue,19-05-2024 12:26
629,630,6,job_9813d245d3280f30,Senior Data Engineer,https://in.indeed.com/rc/clk?jk=9813d245d3280f30&bb=qH0A3ad-_unjBK_ejpeChE8tH3OxunE0YlOj336RmNt7WjqZ8yXbOXLI1ie3uwHuPTuH1DdETZZ4_wtCBQJlxYH5he3fArJk8T7K4AHLp1Jl0bcJ02aRM-o8IrbYYCFW&xkcb=SoDG67M3AISELrynUZ0BbzkdCdPP&fccid=daae857f1ad3899f&cmp=Wissen-Technology&ti=Data+Engineer&vjs=3,Enable JavaScript and cookies to continue,19-05-2024 12:26
630,631,6,job_aa6bae6bad93ec48,Data Engineer,https://in.indeed.com/rc/clk?jk=aa6bae6bad93ec48&bb=qH0A3ad-_unjBK_ejpeChID6rf0GSsDgbSrSp_BqDcywaR8G1nZlZvN_RkApg7KLkV8qFrxZfY4-vTkjX9m4bTmC2ZQEiu2l7GYrlf3NmstMxjgOtVgwxJi2bBcsIWTL&xkcb=SoBy67M3AISELrynUZ0AbzkdCdPP&fccid=73f178245c54e4e3&vjs=3,Enable JavaScript and cookies to continue,19-05-2024 12:26
631,632,6,job_74ca2b1dc8af41d4,Senior Data Warehouse Engineer,https://in.indeed.com/rc/clk?jk=74ca2b1dc8af41d4&bb=qH0A3ad-_unjBK_ejpeChJPnr8wwPaZP8YuQdFAW7cfiVkxPHBkgVTeh9l3M0yqYdDSnu-vaDU7N99_GNNjp0U8HaS4zIEDNfQUG1t6_sxS4FQj2nhsVYJeCvLwyzsed&xkcb=SoD867M3AISELrynUZ0HbzkdCdPP&fccid=e8192883f23a9cb8&vjs=3,Enable JavaScript and cookies to continue,19-05-2024 12:26
632,633,6,job_64571a974cf777a5,Data Engineer,https://in.indeed.com/rc/clk?jk=64571a974cf777a5&bb=qH0A3ad-_unjBK_ejpeChFSlBC168d2pqSbTYSiFzPno7LaWoSYOr8qViS4kwT0ZD2VHM1qZ6sUIsRcXpNhiWp2fiJipNLCJXaCt8SCd6TOPA6Fu-cIzL6SwrKZhnHkO&xkcb=SoBI67M3AISELrynUZ0GbzkdCdPP&fccid=b716e44d2c6283e7&vjs=3,Enable JavaScript and cookies to continue,19-05-2024 12:26
633,634,6,job_91ed0ea45f564aeb,Data Engineer,https://in.indeed.com/rc/clk?jk=91ed0ea45f564aeb&bb=qH0A3ad-_unjBK_ejpeChPkX4Weq7dUl_5JhcW2XyPUup6iZNdbnc-25sJ8OrxTVK1djEFSlg69_hv4tuez_3utuSWEAu-aO4twuSKC4HXXPv1_D8A0ycszKutB14FIU&xkcb=SoDV67M3AISELrynUZ0FbzkdCdPP&fccid=cc98f300b40b70b3&cmp=warrior-tech-solutions&ti=Data+Engineer&vjs=3,Enable JavaScript and cookies to continue,19-05-2024 12:26
634,635,6,job_c49dfc9a93c8183d,Data Engineer 3,https://in.indeed.com/rc/clk?jk=c49dfc9a93c8183d&bb=ciTY6qcRIM9u80mkjuj7fdHOqleq6I_gJias8543pqIBDYJLd9DQS6aup2Ug3SNMlQry_7wKdH1oSFRjtYxDbzRry9AoYrMNKTgkZmD6osZnBYWEewo3nEh64TeedK36&xkcb=SoCV67M3AISDVfR_gh0MbzkdCdPP&fccid=1174e11d97fd620e&vjs=3,Enable JavaScript and cookies to continue,19-05-2024 12:26
635,636,6,job_9a086fb7e505b9f5,HVR Data Engineer|3-5 Years Exp|Remote,https://in.indeed.com/rc/clk?jk=9a086fb7e505b9f5&bb=ciTY6qcRIM9u80mkjuj7fXxQv4jYDsnT1fsFwQpdxNFE8_6Y2Tt7BA8zgx4rNrHldWKFeYKEOMPrnogdf-_ittDYAcHYhY4fkyVeazfi9tiXh5JEgKPOYn3pERH0IN8K&xkcb=SoDI67M3AISDVfR_gh0CbzkdCdPP&fccid=dfb8d6c78a6b14e7&vjs=3,Enable JavaScript and cookies to continue,19-05-2024 12:26
636,637,6,job_ae08145f85262d65,Data Engineer,https://in.indeed.com/rc/clk?jk=ae08145f85262d65&bb=ciTY6qcRIM9u80mkjuj7feaslsZOdYUqQ7Wk4wwP7rbJCHDxGSotb0zq26qjMK4zswbKIJ3h48sa7-3uguiSqrd5WB3PR6njaEj5br7eyJrOUNZTEvVwVwQPsxiG9zk8&xkcb=SoBV67M3AISDVfR_gh0BbzkdCdPP&fccid=6ece34eab710eef5&vjs=3,Enable JavaScript and cookies to continue,19-05-2024 12:26
637,638,6,job_a6c3955bb5ab6419,Data Warehouse Engineer,https://in.indeed.com/rc/clk?jk=a6c3955bb5ab6419&bb=ciTY6qcRIM9u80mkjuj7fbfbyihQQjyFqJ2b-rO4cfYmkfobUasN3Q2G8a07RGzQVomUj1YDoUg-z_qdsUMSYpo29iIaq3mXsdPojx5lgh8DkExxvL24fkjt5v2iG9oI&xkcb=SoDh67M3AISDVfR_gh0AbzkdCdPP&fccid=c3a5cf48fa56295b&vjs=3,Enable JavaScript and cookies to continue,19-05-2024 12:26
638,639,6,job_e7c52e632dd2766e,Data Engineer,https://in.indeed.com/rc/clk?jk=e7c52e632dd2766e&bb=ciTY6qcRIM9u80mkjuj7fRf2dPSfYMrdkkAxrkCs3CmB9I6hoYNJANtJCCeZgsNb-QwjreCBCYnzVhCbYY8F6YlAodS9y5hLg5kJV8VAtyT9aAERaPb62Mz7XmY_PdR5&xkcb=SoBv67M3AISDVfR_gh0HbzkdCdPP&fccid=65ce5d56294acb59&vjs=3,Enable JavaScript and cookies to continue,19-05-2024 12:26
639,640,6,job_8aba657dac768f47,Data Engineer / Sr. Data Engineer,https://in.indeed.com/rc/clk?jk=8aba657dac768f47&bb=ciTY6qcRIM9u80mkjuj7fdZj9-dMCMLks1z4Fc83RdMVvf0cJaQLdYbxFtPzOqNu7XF7Csb7pTjFFFRZlWrRzJV-ch3oQZ-avQ-m71mhdHkm88mvAB9F4Z69KFV0mohu&xkcb=SoBG67M3AISDVfR_gh0FbzkdCdPP&fccid=89fc9bfba1bf23b7&vjs=3,Enable JavaScript and cookies to continue,19-05-2024 12:26
640,641,6,job_47fe9a2cb98b2ea9,UI Engineer II,https://in.indeed.com/rc/clk?jk=47fe9a2cb98b2ea9&bb=ciTY6qcRIM9u80mkjuj7fU9H9KaE5eX5v3x-B4cA6eGhQR8Cy0KE1tNo-jIfkj2UvsZ0iGUxMmcE4PLNQQ9mGOKQnJ5z_6jlTMHrZfDFlf8YOgPeNqARLPcDh2BGrE0Z&xkcb=SoDy67M3AISDVfR_gh0EbzkdCdPP&fccid=c8e55b1b92c9854c&vjs=3,Enable JavaScript and cookies to continue,19-05-2024 12:26
641,642,6,job_882f9882725955fb,Data Engineer,https://in.indeed.com/rc/clk?jk=882f9882725955fb&bb=ciTY6qcRIM9u80mkjuj7fWBebTdYQtY5cv4_jxQDTvpd8satxhdg24FuVj2FyUilcP8r9zt_MTAcPmNiH0pckqesHl0bepVsptBCuRntSulm2h9k78qBKO-DDYk9ZvJW&xkcb=SoDV67M3AISDVfR_gh0bbzkdCdPP&fccid=ee52bd3e9ffbe9fe&vjs=3,Enable JavaScript and cookies to continue,19-05-2024 12:26
642,643,6,job_f93413748141c883,"Staff Data Engineer (SQL, Hadoop, Big Data, ETL)",https://in.indeed.com/rc/clk?jk=f93413748141c883&bb=ciTY6qcRIM9u80mkjuj7feO8vClYqqizCqObu80yI9k-HsBhMEOjv1DHA-gn3xcr9Bn0wYIol9fA5jsj9K4N0wirt29wQTtHY5PNySqVK0iTWXx-XvI7Gg%3D%3D&xkcb=SoBh67M3AISDVfR_gh0abzkdCdPP&fccid=a3f737e511d9fc8c&vjs=3,Enable JavaScript and cookies to continue,19-05-2024 12:26
643,644,6,job_122c244d0a489cde,Data Platform Engineer,https://in.indeed.com/rc/clk?jk=122c244d0a489cde&bb=ciTY6qcRIM9u80mkjuj7fUD1E6iJPx-W_gfNHhkCI04_cc7T6_Tk-WTsaSCrO5lEq8Q3-h5lIxBbYz5i_rDCBkp_ZtCj7NlqoDFcp5b2KFUR1qa2ICE0Fg%3D%3D&xkcb=SoD867M3AISDVfR_gh0ZbzkdCdPP&fccid=a4e4e2eaf26690c9&vjs=3,Enable JavaScript and cookies to continue,19-05-2024 12:26
644,645,6,job_6563561a5775747d,Data Engineer,https://in.indeed.com/rc/clk?jk=6563561a5775747d&bb=ciTY6qcRIM9u80mkjuj7fRtggNsw1NsqS4d7ASxnXdYDLwqZMj2gswG3iXAl3QrTiurW1ttYySWGmArYwJXykiI6JOIODRcPxrsbzGcjRIaQmvCWddzP8Q%3D%3D&xkcb=SoBI67M3AISDVfR_gh0YbzkdCdPP&fccid=0ee07a80a4e05d45&vjs=3,Enable JavaScript and cookies to continue,19-05-2024 12:26
645,646,6,job_bfc8c141a236898b,Data Engineer,https://in.indeed.com/rc/clk?jk=bfc8c141a236898b&bb=ciTY6qcRIM9u80mkjuj7fTkQgMgKbHFqfhp5B2IuUs3qHYLoL0aH6eOLVF2JVOrSXY2fYFkrUDMSVQYDldcQNf6-4eJ7M4LTzLMLbCT1jE5Ee0HzlaLE5X77r4ZuqjQH&xkcb=SoDG67M3AISDVfR_gh0fbzkdCdPP&fccid=1f5c1aa2368d31a5&vjs=3,Enable JavaScript and cookies to continue,19-05-2024 12:26
